unit_id,approval_id,project_id,approval_status,outcome,approved_area_m2,area_m2,DKMJ,stratum,cluster,spatial_cluster,neighbors,neighbor_unit_ids,x,y,quality_score,baseline_risk_score,risk_score,review_penalty,rule_eval_count,rule_hit_count,critical_rule_hit_count,high_rule_hit_count,review_task_count,open_review_count,completed_review_count,supplement_required_review_count,confirmed_violation_count,propensity_score,evidence_weight,synthetic,not_for_production,data_role,source_path,region_code,period,time_index,scenario_id,split,action_type,counterfactual_group,treatment_effect,baseline_state_score,next_state_score,constraint_risk_delta,planning_utility_delta,uncertainty,action_mask_allowed,action_mask_required_reviews,action_mask_hard_blocks,action_mask_policy
TWM-SYN-C-0000,APR-TWM-SYN-C-0000,PRJ-TWM-SYN-C-0000,in_review,0.47848,0.0,74799.346,74799.346,SYN-R00:township_0,syn_component_r00_t00_c00,syn_component_r00_t00_c00,TWM-SYN-T-0000,TWM-SYN-T-0000,106.0,29.3,0.82,0.16,0.16,0.04,4,0,0,0,1,0,1,0,0,0.5,0.83,True,True,synthetic_experiment_foundation,/Users/zhouning/gisdataagent/data_agent/test_data/twm_bishan_multi_admin_eval,SYN-R00,2026Q1+0,0,scenario_protect_0,train,protect,pair_0000,0.058,0.4804,0.47848,-0.062,0.08784,0.07,True,,,low_risk_allowed
TWM-SYN-T-0000,APR-TWM-SYN-T-0000,PRJ-TWM-SYN-T-0000,approved,0.53648,74799.346,74799.346,74799.346,SYN-R00:township_0,syn_component_r00_t00_c00,syn_component_r00_t00_c00,TWM-SYN-C-0000,TWM-SYN-C-0000,106.001,29.301,0.82,0.16,0.16,0.04,4,0,0,0,1,0,1,0,0,0.5,0.83,True,True,synthetic_experiment_foundation,/Users/zhouning/gisdataagent/data_agent/test_data/twm_bishan_multi_admin_eval,SYN-R00,2026Q1+0,0,scenario_protect_0,train,protect,pair_0000,0.058,0.4804,0.53648,-0.062,0.08784,0.07,True,,,low_risk_allowed
TWM-SYN-C-0001,APR-TWM-SYN-C-0001,PRJ-TWM-SYN-C-0001,in_review,0.475888,0.0,161132.745,161132.745,SYN-R00:township_1,syn_component_r00_t00_c01,syn_component_r00_t00_c01,TWM-SYN-T-0001,TWM-SYN-T-0001,106.012,29.304,0.805,0.166,0.166,0.06,4,0,0,0,1,0,1,0,0,0.5,0.804,True,True,synthetic_experiment_foundation,/Users/zhouning/gisdataagent/data_agent/test_data/twm_bishan_multi_admin_eval,SYN-R00,2026Q1+0,0,scenario_protect_0,train,restore,pair_0001,0.042,0.47788,0.475888,-0.02,0.027648,0.096,True,,,low_risk_allowed
TWM-SYN-T-0001,APR-TWM-SYN-T-0001,PRJ-TWM-SYN-T-0001,approved,0.517888,161132.745,161132.745,161132.745,SYN-R00:township_1,syn_component_r00_t00_c01,syn_component_r00_t00_c01,TWM-SYN-C-0001,TWM-SYN-C-0001,106.013,29.305,0.805,0.166,0.166,0.06,4,0,0,0,1,0,1,0,0,0.5,0.804,True,True,synthetic_experiment_foundation,/Users/zhouning/gisdataagent/data_agent/test_data/twm_bishan_multi_admin_eval,SYN-R00,2026Q1+0,0,scenario_protect_0,train,restore,pair_0001,0.042,0.47788,0.517888,-0.02,0.027648,0.096,True,,,low_risk_allowed
TWM-SYN-C-0002,APR-TWM-SYN-C-0002,PRJ-TWM-SYN-C-0002,in_review,0.47608,0.0,164836.946,164836.946,SYN-R00:township_2,syn_component_r00_t00_c02,syn_component_r00_t00_c02,TWM-SYN-T-0002,TWM-SYN-T-0002,106.024,29.308,0.79,0.16,0.16,0.08,4,0,0,0,1,0,1,1,0,0.5,0.799,True,True,synthetic_experiment_foundation,/Users/zhouning/gisdataagent/data_agent/test_data/twm_bishan_multi_admin_eval,SYN-R00,2026Q1+0,0,scenario_protect_0,train,approve_with_conditions,pair_0002,0.039,0.478,0.47608,-0.012,0.0316,0.101,True,,,low_risk_allowed
TWM-SYN-T-0002,APR-TWM-SYN-T-0002,PRJ-TWM-SYN-T-0002,approved,0.51508,164836.946,164836.946,164836.946,SYN-R00:township_2,syn_component_r00_t00_c02,syn_component_r00_t00_c02,TWM-SYN-C-0002,TWM-SYN-C-0002,106.025,29.309,0.79,0.16,0.16,0.08,4,0,0,0,1,0,1,1,0,0.5,0.799,True,True,synthetic_experiment_foundation,/Users/zhouning/gisdataagent/data_agent/test_data/twm_bishan_multi_admin_eval,SYN-R00,2026Q1+0,0,scenario_protect_0,train,approve_with_conditions,pair_0002,0.039,0.478,0.51508,-0.012,0.0316,0.101,True,,,low_risk_allowed
TWM-SYN-C-0003,APR-TWM-SYN-C-0003,PRJ-TWM-SYN-C-0003,in_review,0.473488,0.0,77675.633,77675.633,SYN-R00:township_0,syn_component_r00_t00_c03,syn_component_r00_t00_c03,TWM-SYN-T-0003,TWM-SYN-T-0003,106.036,29.312,0.775,0.166,0.166,0.1,4,0,0,0,1,0,1,1,0,0.5,0.75,True,True,synthetic_experiment_foundation,/Users/zhouning/gisdataagent/data_agent/test_data/twm_bishan_multi_admin_eval,SYN-R00,2026Q1+0,0,scenario_protect_0,train,defer_review,pair_0003,0.012,0.47548,0.473488,0.018,-0.014592,0.15,False,synthetic_defer_review,,defer_review_always_review
TWM-SYN-T-0003,APR-TWM-SYN-T-0003,PRJ-TWM-SYN-T-0003,approved,0.485488,77675.633,77675.633,77675.633,SYN-R00:township_0,syn_component_r00_t00_c03,syn_component_r00_t00_c03,TWM-SYN-C-0003,TWM-SYN-C-0003,106.037,29.313,0.775,0.166,0.166,0.1,4,0,0,0,1,0,1,1,0,0.5,0.75,True,True,synthetic_experiment_foundation,/Users/zhouning/gisdataagent/data_agent/test_data/twm_bishan_multi_admin_eval,SYN-R00,2026Q1+0,0,scenario_protect_0,train,defer_review,pair_0003,0.012,0.47548,0.485488,0.018,-0.014592,0.15,False,synthetic_defer_review,,defer_review_always_review
TWM-SYN-C-0004,APR-TWM-SYN-C-0004,PRJ-TWM-SYN-C-0004,in_review,0.479632,0.0,15993.242,15993.242,SYN-R00:township_0,syn_component_r00_t01_c00,syn_component_r00_t01_c00,TWM-SYN-T-0004,TWM-SYN-T-0004,106.0,29.318,0.825,0.174,0.174,0.06,4,0,0,0,1,0,1,0,0,0.5,0.806,True,True,synthetic_experiment_foundation,/Users/zhouning/gisdataagent/data_agent/test_data/twm_bishan_multi_admin_eval,SYN-R00,2026Q2+0,1,scenario_restore_1,train,protect,pair_0004,0.036,0.47772,0.479632,-0.026,0.023552,0.094,True,,,low_risk_allowed
TWM-SYN-T-0004,APR-TWM-SYN-T-0004,PRJ-TWM-SYN-T-0004,approved,0.515632,15993.242,15993.242,15993.242,SYN-R00:township_0,syn_component_r00_t01_c00,syn_component_r00_t01_c00,TWM-SYN-C-0004,TWM-SYN-C-0004,106.001,29.319,0.825,0.174,0.174,0.06,4,0,0,0,1,0,1,0,0,0.5,0.806,True,True,synthetic_experiment_foundation,/Users/zhouning/gisdataagent/data_agent/test_data/twm_bishan_multi_admin_eval,SYN-R00,2026Q2+0,1,scenario_restore_1,train,protect,pair_0004,0.036,0.47772,0.515632,-0.026,0.023552,0.094,True,,,low_risk_allowed
TWM-SYN-C-0005,APR-TWM-SYN-C-0005,PRJ-TWM-SYN-C-0005,in_review,0.47704,0.0,6215.579,6215.579,SYN-R00:township_1,syn_component_r00_t01_c01,syn_component_r00_t01_c01,TWM-SYN-T-0005,TWM-SYN-T-0005,106.012,29.322,0.81,0.18,0.18,0.08,4,0,0,0,1,0,1,1,0,0.5,0.822,True,True,synthetic_experiment_foundation,/Users/zhouning/gisdataagent/data_agent/test_data/twm_bishan_multi_admin_eval,SYN-R00,2026Q2+0,1,scenario_restore_1,train,restore,pair_0005,0.068,0.4752,0.47704,-0.056,0.09536,0.078,True,,,low_risk_allowed
TWM-SYN-T-0005,APR-TWM-SYN-T-0005,PRJ-TWM-SYN-T-0005,approved,0.54504,6215.579,6215.579,6215.579,SYN-R00:township_1,syn_component_r00_t01_c01,syn_component_r00_t01_c01,TWM-SYN-C-0005,TWM-SYN-C-0005,106.013,29.323,0.81,0.18,0.18,0.08,4,0,0,0,1,0,1,1,0,0.5,0.822,True,True,synthetic_experiment_foundation,/Users/zhouning/gisdataagent/data_agent/test_data/twm_bishan_multi_admin_eval,SYN-R00,2026Q2+0,1,scenario_restore_1,train,restore,pair_0005,0.068,0.4752,0.54504,-0.056,0.09536,0.078,True,,,low_risk_allowed
TWM-SYN-C-0006,APR-TWM-SYN-C-0006,PRJ-TWM-SYN-C-0006,in_review,0.477232,0.0,164836.946,164836.946,SYN-R00:township_2,syn_component_r00_t01_c02,syn_component_r00_t01_c02,TWM-SYN-T-0006,TWM-SYN-T-0006,106.024,29.326,0.795,0.174,0.174,0.1,4,0,0,0,1,0,1,1,0,0.5,0.796,True,True,synthetic_experiment_foundation,/Users/zhouning/gisdataagent/data_agent/test_data/twm_bishan_multi_admin_eval,SYN-R00,2026Q2+0,1,scenario_restore_1,train,approve_with_conditions,pair_0006,0.041,0.47532,0.477232,-0.012,0.033312,0.104,True,,,low_risk_allowed
TWM-SYN-T-0006,APR-TWM-SYN-T-0006,PRJ-TWM-SYN-T-0006,approved,0.518232,164836.946,164836.946,164836.946,SYN-R00:township_2,syn_component_r00_t01_c02,syn_component_r00_t01_c02,TWM-SYN-C-0006,TWM-SYN-C-0006,106.025,29.327,0.795,0.174,0.174,0.1,4,0,0,0,1,0,1,1,0,0.5,0.796,True,True,synthetic_experiment_foundation,/Users/zhouning/gisdataagent/data_agent/test_data/twm_bishan_multi_admin_eval,SYN-R00,2026Q2+0,1,scenario_restore_1,train,approve_with_conditions,pair_0006,0.041,0.47532,0.518232,-0.012,0.033312,0.104,True,,,low_risk_allowed
TWM-SYN-C-0007,APR-TWM-SYN-C-0007,PRJ-TWM-SYN-C-0007,in_review,0.47464,0.0,31132.244,31132.244,SYN-R00:township_0,syn_component_r00_t01_c03,syn_component_r00_t01_c03,TWM-SYN-T-0007,TWM-SYN-T-0007,106.036,29.33,0.78,0.18,0.18,0.04,4,0,0,0,1,0,1,0,0,0.5,0.75,True,True,synthetic_experiment_foundation,/Users/zhouning/gisdataagent/data_agent/test_data/twm_bishan_multi_admin_eval,SYN-R00,2026Q2+0,1,scenario_restore_1,train,defer_review,pair_0007,0.014,0.4728,0.47464,0.018,-0.0124,0.153,False,synthetic_defer_review,,defer_review_always_review
TWM-SYN-T-0007,APR-TWM-SYN-T-0007,PRJ-TWM-SYN-T-0007,approved,0.48864,31132.244,31132.244,31132.244,SYN-R00:township_0,syn_component_r00_t01_c03,syn_component_r00_t01_c03,TWM-SYN-C-0007,TWM-SYN-C-0007,106.037,29.331,0.78,0.18,0.18,0.04,4,0,0,0,1,0,1,0,0,0.5,0.75,True,True,synthetic_experiment_foundation,/Users/zhouning/gisdataagent/data_agent/test_data/twm_bishan_multi_admin_eval,SYN-R00,2026Q2+0,1,scenario_restore_1,train,defer_review,pair_0007,0.014,0.4728,0.48864,0.018,-0.0124,0.153,False,synthetic_defer_review,,defer_review_always_review
TWM-SYN-C-0008,APR-TWM-SYN-C-0008,PRJ-TWM-SYN-C-0008,in_review,0.446448,0.0,25152.954,25152.954,SYN-R00:township_0,syn_component_r00_t02_c00,syn_component_r00_t02_c00,TWM-SYN-T-0008,TWM-SYN-T-0008,106.0,29.336,0.83,0.336,0.336,0.08,4,1,0,0,2,0,1,1,0,0.5,0.803,True,True,synthetic_experiment_foundation,/Users/zhouning/gisdataagent/data_agent/test_data/twm_bishan_multi_admin_eval,SYN-R00,2026Q3+0,2,scenario_approve_with_conditions_2,train,protect,pair_0008,0.034,0.44248,0.446448,-0.026,0.019488,0.097,True,,,mixed_risk_protect_allowed
TWM-SYN-T-0008,APR-TWM-SYN-T-0008,PRJ-TWM-SYN-T-0008,approved,0.480448,25152.954,25152.954,25152.954,SYN-R00:township_0,syn_component_r00_t02_c00,syn_component_r00_t02_c00,TWM-SYN-C-0008,TWM-SYN-C-0008,106.001,29.337,0.83,0.336,0.336,0.08,4,1,0,0,2,0,1,1,0,0.5,0.803,True,True,synthetic_experiment_foundation,/Users/zhouning/gisdataagent/data_agent/test_data/twm_bishan_multi_admin_eval,SYN-R00,2026Q3+0,2,scenario_approve_with_conditions_2,train,protect,pair_0008,0.034,0.44248,0.480448,-0.026,0.019488,0.097,True,,,mixed_risk_protect_allowed
TWM-SYN-C-0009,APR-TWM-SYN-C-0009,PRJ-TWM-SYN-C-0009,in_review,0.44664,0.0,83477.56,83477.56,SYN-R00:township_1,syn_component_r00_t02_c01,syn_component_r00_t02_c01,TWM-SYN-T-0009,TWM-SYN-T-0009,106.012,29.34,0.815,0.33,0.33,0.1,4,1,0,0,2,0,1,1,0,0.5,0.798,True,True,synthetic_experiment_foundation,/Users/zhouning/gisdataagent/data_agent/test_data/twm_bishan_multi_admin_eval,SYN-R00,2026Q3+0,2,scenario_approve_with_conditions_2,train,restore,pair_0009,0.042,0.4426,0.44664,-0.02,0.02544,0.102,True,,,mixed_risk_restore_allowed
TWM-SYN-T-0009,APR-TWM-SYN-T-0009,PRJ-TWM-SYN-T-0009,approved,0.48864,83477.56,83477.56,83477.56,SYN-R00:township_1,syn_component_r00_t02_c01,syn_component_r00_t02_c01,TWM-SYN-C-0009,TWM-SYN-C-0009,106.013,29.341,0.815,0.33,0.33,0.1,4,1,0,0,2,0,1,1,0,0.5,0.798,True,True,synthetic_experiment_foundation,/Users/zhouning/gisdataagent/data_agent/test_data/twm_bishan_multi_admin_eval,SYN-R00,2026Q3+0,2,scenario_approve_with_conditions_2,train,restore,pair_0009,0.042,0.4426,0.48864,-0.02,0.02544,0.102,True,,,mixed_risk_restore_allowed
TWM-SYN-C-0010,APR-TWM-SYN-C-0010,PRJ-TWM-SYN-C-0010,in_review,0.478384,0.0,164836.946,164836.946,SYN-R00:township_2,syn_component_r00_t02_c02,syn_component_r00_t02_c02,TWM-SYN-T-0010,TWM-SYN-T-0010,106.024,29.344,0.8,0.188,0.188,0.04,4,0,0,0,1,0,1,0,0,0.5,0.814,True,True,synthetic_experiment_foundation,/Users/zhouning/gisdataagent/data_agent/test_data/twm_bishan_multi_admin_eval,SYN-R00,2026Q3+0,2,scenario_approve_with_conditions_2,train,approve_with_conditions,pair_0010,0.063,0.47264,0.478384,-0.048,0.097504,0.086,True,,,low_risk_allowed
TWM-SYN-T-0010,APR-TWM-SYN-T-0010,PRJ-TWM-SYN-T-0010,approved,0.541384,164836.946,164836.946,164836.946,SYN-R00:township_2,syn_component_r00_t02_c02,syn_component_r00_t02_c02,TWM-SYN-C-0010,TWM-SYN-C-0010,106.025,29.345,0.8,0.188,0.188,0.04,4,0,0,0,1,0,1,0,0,0.5,0.814,True,True,synthetic_experiment_foundation,/Users/zhouning/gisdataagent/data_agent/test_data/twm_bishan_multi_admin_eval,SYN-R00,2026Q3+0,2,scenario_approve_with_conditions_2,train,approve_with_conditions,pair_0010,0.063,0.47264,0.541384,-0.048,0.097504,0.086,True,,,low_risk_allowed
TWM-SYN-C-0011,APR-TWM-SYN-C-0011,PRJ-TWM-SYN-C-0011,in_review,0.475792,0.0,92032.689,92032.689,SYN-R00:township_0,syn_component_r00_t02_c03,syn_component_r00_t02_c03,TWM-SYN-T-0011,TWM-SYN-T-0011,106.036,29.348,0.785,0.194,0.194,0.06,4,0,0,0,1,0,1,0,0,0.5,0.75,True,True,synthetic_experiment_foundation,/Users/zhouning/gisdataagent/data_agent/test_data/twm_bishan_multi_admin_eval,SYN-R00,2026Q3+0,2,scenario_approve_with_conditions_2,train,defer_review,pair_0011,0.012,0.47012,0.475792,0.018,-0.014688,0.156,False,synthetic_defer_review,,defer_review_always_review
TWM-SYN-T-0011,APR-TWM-SYN-T-0011,PRJ-TWM-SYN-T-0011,approved,0.487792,92032.689,92032.689,92032.689,SYN-R00:township_0,syn_component_r00_t02_c03,syn_component_r00_t02_c03,TWM-SYN-C-0011,TWM-SYN-C-0011,106.037,29.349,0.785,0.194,0.194,0.06,4,0,0,0,1,0,1,0,0,0.5,0.75,True,True,synthetic_experiment_foundation,/Users/zhouning/gisdataagent/data_agent/test_data/twm_bishan_multi_admin_eval,SYN-R00,2026Q3+0,2,scenario_approve_with_conditions_2,train,defer_review,pair_0011,0.012,0.47012,0.487792,0.018,-0.014688,0.156,False,synthetic_defer_review,,defer_review_always_review
TWM-SYN-C-0012,APR-TWM-SYN-C-0012,PRJ-TWM-SYN-C-0012,in_review,0.430496,0.0,17182.014,17182.014,SYN-R00:township_0,syn_component_r00_t03_c00,syn_component_r00_t03_c00,TWM-SYN-T-0012,TWM-SYN-T-0012,106.0,29.354,0.835,0.372,0.372,0.1,4,1,0,1,2,0,1,1,0,0.5,0.83,True,True,synthetic_experiment_foundation,/Users/zhouning/gisdataagent/data_agent/test_data/twm_bishan_multi_admin_eval,SYN-R00,2026Q4+0,3,scenario_protect_0,train,protect,pair_0012,0.06,0.43496,0.430496,-0.062,0.086936,0.07,True,,,mixed_risk_protect_allowed
TWM-SYN-T-0012,APR-TWM-SYN-T-0012,PRJ-TWM-SYN-T-0012,approved,0.490496,17182.014,17182.014,17182.014,SYN-R00:township_0,syn_component_r00_t03_c00,syn_component_r00_t03_c00,TWM-SYN-C-0012,TWM-SYN-C-0012,106.001,29.355,0.835,0.372,0.372,0.1,4,1,0,1,2,0,1,1,0,0.5,0.83,True,True,synthetic_experiment_foundation,/Users/zhouning/gisdataagent/data_agent/test_data/twm_bishan_multi_admin_eval,SYN-R00,2026Q4+0,3,scenario_protect_0,train,protect,pair_0012,0.06,0.43496,0.490496,-0.062,0.086936,0.07,True,,,mixed_risk_protect_allowed
TWM-SYN-C-0013,APR-TWM-SYN-C-0013,PRJ-TWM-SYN-C-0013,in_review,0.467344,0.0,10280.868,10280.868,SYN-R00:township_1,syn_component_r00_t03_c01,syn_component_r00_t03_c01,TWM-SYN-T-0013,TWM-SYN-T-0013,106.012,29.358,0.82,0.208,0.208,0.04,4,0,0,0,1,0,1,0,0,0.5,0.804,True,True,synthetic_experiment_foundation,/Users/zhouning/gisdataagent/data_agent/test_data/twm_bishan_multi_admin_eval,SYN-R00,2026Q4+0,3,scenario_protect_0,train,restore,pair_0013,0.044,0.46984,0.467344,-0.02,0.029264,0.096,False,restoration_high_risk_phasing_review,,mixed_risk_restore_blocked
TWM-SYN-T-0013,APR-TWM-SYN-T-0013,PRJ-TWM-SYN-T-0013,approved,0.511344,10280.868,10280.868,10280.868,SYN-R00:township_1,syn_component_r00_t03_c01,syn_component_r00_t03_c01,TWM-SYN-C-0013,TWM-SYN-C-0013,106.013,29.359,0.82,0.208,0.208,0.04,4,0,0,0,1,0,1,0,0,0.5,0.804,True,True,synthetic_experiment_foundation,/Users/zhouning/gisdataagent/data_agent/test_data/twm_bishan_multi_admin_eval,SYN-R00,2026Q4+0,3,scenario_protect_0,train,restore,pair_0013,0.044,0.46984,0.511344,-0.02,0.029264,0.096,False,restoration_high_risk_phasing_review,,mixed_risk_restore_blocked
TWM-SYN-C-0014,APR-TWM-SYN-C-0014,PRJ-TWM-SYN-C-0014,in_review,0.439696,0.0,94485.048,94485.048,SYN-R00:township_2,syn_component_r00_t03_c02,syn_component_r00_t03_c02,TWM-SYN-T-0014,TWM-SYN-T-0014,106.024,29.362,0.805,0.322,0.322,0.06,4,1,0,0,2,0,1,0,0,0.5,0.799,True,True,synthetic_experiment_foundation,/Users/zhouning/gisdataagent/data_agent/test_data/twm_bishan_multi_admin_eval,SYN-R00,2026Q4+0,3,scenario_protect_0,train,approve_with_conditions,pair_0014,0.041,0.44356,0.439696,-0.012,0.031776,0.101,True,conditional_approval_monitoring,,mixed_risk_allowed_with_conditions
TWM-SYN-T-0014,APR-TWM-SYN-T-0014,PRJ-TWM-SYN-T-0014,approved,0.480696,94485.048,94485.048,94485.048,SYN-R00:township_2,syn_component_r00_t03_c02,syn_component_r00_t03_c02,TWM-SYN-C-0014,TWM-SYN-C-0014,106.025,29.363,0.805,0.322,0.322,0.06,4,1,0,0,2,0,1,0,0,0.5,0.799,True,True,synthetic_experiment_foundation,/Users/zhouning/gisdataagent/data_agent/test_data/twm_bishan_multi_admin_eval,SYN-R00,2026Q4+0,3,scenario_protect_0,train,approve_with_conditions,pair_0014,0.041,0.44356,0.480696,-0.012,0.031776,0.101,True,conditional_approval_monitoring,,mixed_risk_allowed_with_conditions
TWM-SYN-C-0015,APR-TWM-SYN-C-0015,PRJ-TWM-SYN-C-0015,in_review,0.464944,0.0,50127.153,50127.153,SYN-R00:township_0,syn_component_r00_t03_c03,syn_component_r00_t03_c03,TWM-SYN-T-0015,TWM-SYN-T-0015,106.036,29.366,0.79,0.208,0.208,0.08,4,0,0,0,1,0,1,1,0,0.5,0.75,True,True,synthetic_experiment_foundation,/Users/zhouning/gisdataagent/data_agent/test_data/twm_bishan_multi_admin_eval,SYN-R00,2026Q4+0,3,scenario_protect_0,train,defer_review,pair_0015,0.014,0.46744,0.464944,0.018,-0.012976,0.15,False,synthetic_defer_review,,defer_review_always_review
TWM-SYN-T-0015,APR-TWM-SYN-T-0015,PRJ-TWM-SYN-T-0015,approved,0.478944,50127.153,50127.153,50127.153,SYN-R00:township_0,syn_component_r00_t03_c03,syn_component_r00_t03_c03,TWM-SYN-C-0015,TWM-SYN-C-0015,106.037,29.367,0.79,0.208,0.208,0.08,4,0,0,0,1,0,1,1,0,0.5,0.75,True,True,synthetic_experiment_foundation,/Users/zhouning/gisdataagent/data_agent/test_data/twm_bishan_multi_admin_eval,SYN-R00,2026Q4+0,3,scenario_protect_0,train,defer_review,pair_0015,0.014,0.46744,0.478944,0.018,-0.012976,0.15,False,synthetic_defer_review,,defer_review_always_review
TWM-SYN-C-0016,APR-TWM-SYN-C-0016,PRJ-TWM-SYN-C-0016,in_review,0.471088,0.0,34224.194,34224.194,SYN-R00:township_0,syn_component_r00_t04_c00,syn_component_r00_t04_c00,TWM-SYN-T-0016,TWM-SYN-T-0016,106.0,29.372,0.84,0.216,0.216,0.04,4,0,0,0,1,0,1,0,0,0.5,0.806,True,True,synthetic_experiment_foundation,/Users/zhouning/gisdataagent/data_agent/test_data/twm_bishan_multi_admin_eval,SYN-R00,2026Q1+1,4,scenario_restore_1,validation,protect,pair_0016,0.034,0.46968,0.471088,-0.026,0.021168,0.094,False,protection_boundary_conflict_review,,mixed_risk_protect_blocked
TWM-SYN-T-0016,APR-TWM-SYN-T-0016,PRJ-TWM-SYN-T-0016,approved,0.505088,34224.194,34224.194,34224.194,SYN-R00:township_0,syn_component_r00_t04_c00,syn_component_r00_t04_c00,TWM-SYN-C-0016,TWM-SYN-C-0016,106.001,29.373,0.84,0.216,0.216,0.04,4,0,0,0,1,0,1,0,0,0.5,0.806,True,True,synthetic_experiment_foundation,/Users/zhouning/gisdataagent/data_agent/test_data/twm_bishan_multi_admin_eval,SYN-R00,2026Q1+1,4,scenario_restore_1,validation,protect,pair_0016,0.034,0.46968,0.505088,-0.026,0.021168,0.094,False,protection_boundary_conflict_review,,mixed_risk_protect_blocked
TWM-SYN-C-0017,APR-TWM-SYN-C-0017,PRJ-TWM-SYN-C-0017,in_review,0.468496,0.0,160798.586,160798.586,SYN-R00:township_1,syn_component_r00_t04_c01,syn_component_r00_t04_c01,TWM-SYN-T-0017,TWM-SYN-T-0017,106.012,29.376,0.825,0.222,0.222,0.06,4,1,0,0,2,0,1,0,0,0.5,0.822,True,True,synthetic_experiment_foundation,/Users/zhouning/gisdataagent/data_agent/test_data/twm_bishan_multi_admin_eval,SYN-R00,2026Q1+1,4,scenario_restore_1,validation,restore,pair_0017,0.066,0.46716,0.468496,-0.056,0.092976,0.078,True,,,low_risk_allowed
TWM-SYN-T-0017,APR-TWM-SYN-T-0017,PRJ-TWM-SYN-T-0017,approved,0.534496,160798.586,160798.586,160798.586,SYN-R00:township_1,syn_component_r00_t04_c01,syn_component_r00_t04_c01,TWM-SYN-C-0017,TWM-SYN-C-0017,106.013,29.377,0.825,0.222,0.222,0.06,4,1,0,0,2,0,1,0,0,0.5,0.822,True,True,synthetic_experiment_foundation,/Users/zhouning/gisdataagent/data_agent/test_data/twm_bishan_multi_admin_eval,SYN-R00,2026Q1+1,4,scenario_restore_1,validation,restore,pair_0017,0.066,0.46716,0.534496,-0.056,0.092976,0.078,True,,,low_risk_allowed
TWM-SYN-C-0018,APR-TWM-SYN-C-0018,PRJ-TWM-SYN-C-0018,in_review,0.468688,0.0,38619.015,38619.015,SYN-R00:township_2,syn_component_r00_t04_c02,syn_component_r00_t04_c02,TWM-SYN-T-0018,TWM-SYN-T-0018,106.024,29.38,0.81,0.216,0.216,0.08,4,0,0,0,1,0,1,1,0,0.5,0.796,True,True,synthetic_experiment_foundation,/Users/zhouning/gisdataagent/data_agent/test_data/twm_bishan_multi_admin_eval,SYN-R00,2026Q1+1,4,scenario_restore_1,validation,approve_with_conditions,pair_0018,0.039,0.46728,0.468688,-0.012,0.030928,0.104,False,mixed_risk_condition_review,,mixed_risk_blocked_condition_review
TWM-SYN-T-0018,APR-TWM-SYN-T-0018,PRJ-TWM-SYN-T-0018,approved,0.507688,38619.015,38619.015,38619.015,SYN-R00:township_2,syn_component_r00_t04_c02,syn_component_r00_t04_c02,TWM-SYN-C-0018,TWM-SYN-C-0018,106.025,29.381,0.81,0.216,0.216,0.08,4,0,0,0,1,0,1,1,0,0.5,0.796,True,True,synthetic_experiment_foundation,/Users/zhouning/gisdataagent/data_agent/test_data/twm_bishan_multi_admin_eval,SYN-R00,2026Q1+1,4,scenario_restore_1,validation,approve_with_conditions,pair_0018,0.039,0.46728,0.507688,-0.012,0.030928,0.104,False,mixed_risk_condition_review,,mixed_risk_blocked_condition_review
TWM-SYN-C-0019,APR-TWM-SYN-C-0019,PRJ-TWM-SYN-C-0019,in_review,0.466096,0.0,26469.044,26469.044,SYN-R00:township_0,syn_component_r00_t04_c03,syn_component_r00_t04_c03,TWM-SYN-T-0019,TWM-SYN-T-0019,106.036,29.384,0.795,0.222,0.222,0.1,4,1,0,0,2,0,1,1,0,0.5,0.75,True,True,synthetic_experiment_foundation,/Users/zhouning/gisdataagent/data_agent/test_data/twm_bishan_multi_admin_eval,SYN-R00,2026Q1+1,4,scenario_restore_1,validation,defer_review,pair_0019,0.012,0.46476,0.466096,0.018,-0.015264,0.153,False,synthetic_defer_review,,defer_review_always_review
TWM-SYN-T-0019,APR-TWM-SYN-T-0019,PRJ-TWM-SYN-T-0019,approved,0.478096,26469.044,26469.044,26469.044,SYN-R00:township_0,syn_component_r00_t04_c03,syn_component_r00_t04_c03,TWM-SYN-C-0019,TWM-SYN-C-0019,106.037,29.385,0.795,0.222,0.222,0.1,4,1,0,0,2,0,1,1,0,0.5,0.75,True,True,synthetic_experiment_foundation,/Users/zhouning/gisdataagent/data_agent/test_data/twm_bishan_multi_admin_eval,SYN-R00,2026Q1+1,4,scenario_restore_1,validation,defer_review,pair_0019,0.012,0.46476,0.478096,0.018,-0.015264,0.153,False,synthetic_defer_review,,defer_review_always_review
TWM-SYN-C-0020,APR-TWM-SYN-C-0020,PRJ-TWM-SYN-C-0020,in_review,0.47224,0.0,76770.508,76770.508,SYN-R00:township_0,syn_component_r00_t05_c00,syn_component_r00_t05_c00,TWM-SYN-T-0020,TWM-SYN-T-0020,106.0,29.39,0.845,0.23,0.23,0.06,4,1,0,0,2,0,1,0,0,0.5,0.803,True,True,synthetic_experiment_foundation,/Users/zhouning/gisdataagent/data_agent/test_data/twm_bishan_multi_admin_eval,SYN-R00,2026Q2+1,5,scenario_approve_with_conditions_2,validation,protect,pair_0020,0.036,0.467,0.47224,-0.026,0.02288,0.097,True,,,low_risk_allowed
TWM-SYN-T-0020,APR-TWM-SYN-T-0020,PRJ-TWM-SYN-T-0020,approved,0.50824,76770.508,76770.508,76770.508,SYN-R00:township_0,syn_component_r00_t05_c00,syn_component_r00_t05_c00,TWM-SYN-C-0020,TWM-SYN-C-0020,106.001,29.391,0.845,0.23,0.23,0.06,4,1,0,0,2,0,1,0,0,0.5,0.803,True,True,synthetic_experiment_foundation,/Users/zhouning/gisdataagent/data_agent/test_data/twm_bishan_multi_admin_eval,SYN-R00,2026Q2+1,5,scenario_approve_with_conditions_2,validation,protect,pair_0020,0.036,0.467,0.50824,-0.026,0.02288,0.097,True,,,low_risk_allowed
TWM-SYN-C-0021,APR-TWM-SYN-C-0021,PRJ-TWM-SYN-C-0021,in_review,0.469648,0.0,5334.954,5334.954,SYN-R00:township_1,syn_component_r00_t05_c01,syn_component_r00_t05_c01,TWM-SYN-T-0021,TWM-SYN-T-0021,106.012,29.394,0.83,0.236,0.236,0.08,4,1,0,0,2,0,1,1,0,0.5,0.798,True,True,synthetic_experiment_foundation,/Users/zhouning/gisdataagent/data_agent/test_data/twm_bishan_multi_admin_eval,SYN-R00,2026Q2+1,5,scenario_approve_with_conditions_2,validation,restore,pair_0021,0.044,0.46448,0.469648,-0.02,0.028688,0.102,True,,,low_risk_allowed
TWM-SYN-T-0021,APR-TWM-SYN-T-0021,PRJ-TWM-SYN-T-0021,approved,0.513648,5334.954,5334.954,5334.954,SYN-R00:township_1,syn_component_r00_t05_c01,syn_component_r00_t05_c01,TWM-SYN-C-0021,TWM-SYN-C-0021,106.013,29.395,0.83,0.236,0.236,0.08,4,1,0,0,2,0,1,1,0,0.5,0.798,True,True,synthetic_experiment_foundation,/Users/zhouning/gisdataagent/data_agent/test_data/twm_bishan_multi_admin_eval,SYN-R00,2026Q2+1,5,scenario_approve_with_conditions_2,validation,restore,pair_0021,0.044,0.46448,0.513648,-0.02,0.028688,0.102,True,,,low_risk_allowed
TWM-SYN-C-0022,APR-TWM-SYN-C-0022,PRJ-TWM-SYN-C-0022,in_review,0.46984,0.0,164836.946,164836.946,SYN-R00:township_2,syn_component_r00_t05_c02,syn_component_r00_t05_c02,TWM-SYN-T-0022,TWM-SYN-T-0022,106.024,29.398,0.815,0.23,0.23,0.1,4,1,0,0,2,0,1,1,0,0.5,0.814,True,True,synthetic_experiment_foundation,/Users/zhouning/gisdataagent/data_agent/test_data/twm_bishan_multi_admin_eval,SYN-R00,2026Q2+1,5,scenario_approve_with_conditions_2,validation,approve_with_conditions,pair_0022,0.065,0.4646,0.46984,-0.048,0.09864,0.086,True,,,low_risk_allowed
TWM-SYN-T-0022,APR-TWM-SYN-T-0022,PRJ-TWM-SYN-T-0022,approved,0.53484,164836.946,164836.946,164836.946,SYN-R00:township_2,syn_component_r00_t05_c02,syn_component_r00_t05_c02,TWM-SYN-C-0022,TWM-SYN-C-0022,106.025,29.399,0.815,0.23,0.23,0.1,4,1,0,0,2,0,1,1,0,0.5,0.814,True,True,synthetic_experiment_foundation,/Users/zhouning/gisdataagent/data_agent/test_data/twm_bishan_multi_admin_eval,SYN-R00,2026Q2+1,5,scenario_approve_with_conditions_2,validation,approve_with_conditions,pair_0022,0.065,0.4646,0.53484,-0.048,0.09864,0.086,True,,,low_risk_allowed
TWM-SYN-C-0023,APR-TWM-SYN-C-0023,PRJ-TWM-SYN-C-0023,in_review,0.467248,0.0,77675.633,77675.633,SYN-R00:township_0,syn_component_r00_t05_c03,syn_component_r00_t05_c03,TWM-SYN-T-0023,TWM-SYN-T-0023,106.036,29.402,0.8,0.236,0.236,0.04,4,1,0,0,2,0,1,0,0,0.5,0.75,True,True,synthetic_experiment_foundation,/Users/zhouning/gisdataagent/data_agent/test_data/twm_bishan_multi_admin_eval,SYN-R00,2026Q2+1,5,scenario_approve_with_conditions_2,validation,defer_review,pair_0023,0.014,0.46208,0.467248,0.018,-0.013072,0.156,False,synthetic_defer_review,,defer_review_always_review
TWM-SYN-T-0023,APR-TWM-SYN-T-0023,PRJ-TWM-SYN-T-0023,approved,0.481248,77675.633,77675.633,77675.633,SYN-R00:township_0,syn_component_r00_t05_c03,syn_component_r00_t05_c03,TWM-SYN-C-0023,TWM-SYN-C-0023,106.037,29.403,0.8,0.236,0.236,0.04,4,1,0,0,2,0,1,0,0,0.5,0.75,True,True,synthetic_experiment_foundation,/Users/zhouning/gisdataagent/data_agent/test_data/twm_bishan_multi_admin_eval,SYN-R00,2026Q2+1,5,scenario_approve_with_conditions_2,validation,defer_review,pair_0023,0.014,0.46208,0.481248,0.018,-0.013072,0.156,False,synthetic_defer_review,,defer_review_always_review
TWM-SYN-C-0024,APR-TWM-SYN-C-0024,PRJ-TWM-SYN-C-0024,in_review,0.461392,0.0,23552.748,23552.748,SYN-R00:township_0,syn_component_r00_t06_c00,syn_component_r00_t06_c00,TWM-SYN-T-0024,TWM-SYN-T-0024,106.0,29.408,0.85,0.244,0.244,0.08,4,1,0,0,2,1,1,1,0,0.5,0.83,True,True,synthetic_experiment_foundation,/Users/zhouning/gisdataagent/data_agent/test_data/twm_bishan_multi_admin_eval,SYN-R00,2026Q3+1,6,scenario_protect_0,test,protect,pair_0024,0.058,0.46432,0.461392,-0.062,0.086592,0.07,True,,,low_risk_allowed
TWM-SYN-T-0024,APR-TWM-SYN-T-0024,PRJ-TWM-SYN-T-0024,approved,0.519392,23552.748,23552.748,23552.748,SYN-R00:township_0,syn_component_r00_t06_c00,syn_component_r00_t06_c00,TWM-SYN-C-0024,TWM-SYN-C-0024,106.001,29.409,0.85,0.244,0.244,0.08,4,1,0,0,2,1,1,1,0,0.5,0.83,True,True,synthetic_experiment_foundation,/Users/zhouning/gisdataagent/data_agent/test_data/twm_bishan_multi_admin_eval,SYN-R00,2026Q3+1,6,scenario_protect_0,test,protect,pair_0024,0.058,0.46432,0.519392,-0.062,0.086592,0.07,True,,,low_risk_allowed
TWM-SYN-C-0025,APR-TWM-SYN-C-0025,PRJ-TWM-SYN-C-0025,in_review,0.4588,0.0,65753.656,65753.656,SYN-R00:township_1,syn_component_r00_t06_c01,syn_component_r00_t06_c01,TWM-SYN-T-0025,TWM-SYN-T-0025,106.012,29.412,0.835,0.25,0.25,0.1,4,1,0,0,2,1,1,1,0,0.5,0.804,True,True,synthetic_experiment_foundation,/Users/zhouning/gisdataagent/data_agent/test_data/twm_bishan_multi_admin_eval,SYN-R00,2026Q3+1,6,scenario_protect_0,test,restore,pair_0025,0.042,0.4618,0.4588,-0.02,0.0264,0.096,False,restoration_high_risk_phasing_review,,mixed_risk_restore_blocked
TWM-SYN-T-0025,APR-TWM-SYN-T-0025,PRJ-TWM-SYN-T-0025,approved,0.5008,65753.656,65753.656,65753.656,SYN-R00:township_1,syn_component_r00_t06_c01,syn_component_r00_t06_c01,TWM-SYN-C-0025,TWM-SYN-C-0025,106.013,29.413,0.835,0.25,0.25,0.1,4,1,0,0,2,1,1,1,0,0.5,0.804,True,True,synthetic_experiment_foundation,/Users/zhouning/gisdataagent/data_agent/test_data/twm_bishan_multi_admin_eval,SYN-R00,2026Q3+1,6,scenario_protect_0,test,restore,pair_0025,0.042,0.4618,0.5008,-0.02,0.0264,0.096,False,restoration_high_risk_phasing_review,,mixed_risk_restore_blocked
TWM-SYN-C-0026,APR-TWM-SYN-C-0026,PRJ-TWM-SYN-C-0026,in_review,0.458992,0.0,57439.495,57439.495,SYN-R00:township_2,syn_component_r00_t06_c02,syn_component_r00_t06_c02,TWM-SYN-T-0026,TWM-SYN-T-0026,106.024,29.416,0.82,0.244,0.244,0.04,4,1,0,0,2,1,1,0,0,0.5,0.799,True,True,synthetic_experiment_foundation,/Users/zhouning/gisdataagent/data_agent/test_data/twm_bishan_multi_admin_eval,SYN-R00,2026Q3+1,6,scenario_protect_0,test,approve_with_conditions,pair_0026,0.039,0.46192,0.458992,-0.012,0.030832,0.101,False,mixed_risk_condition_review,,mixed_risk_blocked_condition_review
TWM-SYN-T-0026,APR-TWM-SYN-T-0026,PRJ-TWM-SYN-T-0026,approved,0.497992,57439.495,57439.495,57439.495,SYN-R00:township_2,syn_component_r00_t06_c02,syn_component_r00_t06_c02,TWM-SYN-C-0026,TWM-SYN-C-0026,106.025,29.417,0.82,0.244,0.244,0.04,4,1,0,0,2,1,1,0,0,0.5,0.799,True,True,synthetic_experiment_foundation,/Users/zhouning/gisdataagent/data_agent/test_data/twm_bishan_multi_admin_eval,SYN-R00,2026Q3+1,6,scenario_protect_0,test,approve_with_conditions,pair_0026,0.039,0.46192,0.497992,-0.012,0.030832,0.101,False,mixed_risk_condition_review,,mixed_risk_blocked_condition_review
TWM-SYN-C-0027,APR-TWM-SYN-C-0027,PRJ-TWM-SYN-C-0027,in_review,0.4564,0.0,27785.921,27785.921,SYN-R00:township_0,syn_component_r00_t06_c03,syn_component_r00_t06_c03,TWM-SYN-T-0027,TWM-SYN-T-0027,106.036,29.42,0.805,0.25,0.25,0.06,4,1,0,0,2,1,1,0,0,0.5,0.75,True,True,synthetic_experiment_foundation,/Users/zhouning/gisdataagent/data_agent/test_data/twm_bishan_multi_admin_eval,SYN-R00,2026Q3+1,6,scenario_protect_0,test,defer_review,pair_0027,0.012,0.4594,0.4564,0.018,-0.01536,0.15,False,synthetic_defer_review,,defer_review_always_review
TWM-SYN-T-0027,APR-TWM-SYN-T-0027,PRJ-TWM-SYN-T-0027,approved,0.4684,27785.921,27785.921,27785.921,SYN-R00:township_0,syn_component_r00_t06_c03,syn_component_r00_t06_c03,TWM-SYN-C-0027,TWM-SYN-C-0027,106.037,29.421,0.805,0.25,0.25,0.06,4,1,0,0,2,1,1,0,0,0.5,0.75,True,True,synthetic_experiment_foundation,/Users/zhouning/gisdataagent/data_agent/test_data/twm_bishan_multi_admin_eval,SYN-R00,2026Q3+1,6,scenario_protect_0,test,defer_review,pair_0027,0.012,0.4594,0.4684,0.018,-0.01536,0.15,False,synthetic_defer_review,,defer_review_always_review
TWM-SYN-C-0028,APR-TWM-SYN-C-0028,PRJ-TWM-SYN-C-0028,in_review,0.462544,0.0,19550.047,19550.047,SYN-R00:township_0,syn_component_r00_t07_c00,syn_component_r00_t07_c00,TWM-SYN-T-0028,TWM-SYN-T-0028,106.0,29.426,0.855,0.258,0.258,0.1,4,1,0,0,2,1,1,1,0,0.5,0.806,True,True,synthetic_experiment_foundation,/Users/zhouning/gisdataagent/data_agent/test_data/twm_bishan_multi_admin_eval,SYN-R00,2026Q4+1,7,scenario_restore_1,test,protect,pair_0028,0.036,0.46164,0.462544,-0.026,0.022304,0.094,False,protection_boundary_conflict_review,,mixed_risk_protect_blocked
TWM-SYN-T-0028,APR-TWM-SYN-T-0028,PRJ-TWM-SYN-T-0028,approved,0.498544,19550.047,19550.047,19550.047,SYN-R00:township_0,syn_component_r00_t07_c00,syn_component_r00_t07_c00,TWM-SYN-C-0028,TWM-SYN-C-0028,106.001,29.427,0.855,0.258,0.258,0.1,4,1,0,0,2,1,1,1,0,0.5,0.806,True,True,synthetic_experiment_foundation,/Users/zhouning/gisdataagent/data_agent/test_data/twm_bishan_multi_admin_eval,SYN-R00,2026Q4+1,7,scenario_restore_1,test,protect,pair_0028,0.036,0.46164,0.498544,-0.026,0.022304,0.094,False,protection_boundary_conflict_review,,mixed_risk_protect_blocked
TWM-SYN-C-0029,APR-TWM-SYN-C-0029,PRJ-TWM-SYN-C-0029,in_review,0.459952,0.0,3329.788,3329.788,SYN-R00:township_1,syn_component_r00_t07_c01,syn_component_r00_t07_c01,TWM-SYN-T-0029,TWM-SYN-T-0029,106.012,29.43,0.84,0.264,0.264,0.04,4,1,0,0,2,1,1,0,0,0.5,0.822,True,True,synthetic_experiment_foundation,/Users/zhouning/gisdataagent/data_agent/test_data/twm_bishan_multi_admin_eval,SYN-R00,2026Q4+1,7,scenario_restore_1,test,restore,pair_0029,0.068,0.45912,0.459952,-0.056,0.094592,0.078,True,,,low_risk_allowed
TWM-SYN-T-0029,APR-TWM-SYN-T-0029,PRJ-TWM-SYN-T-0029,approved,0.527952,3329.788,3329.788,3329.788,SYN-R00:township_1,syn_component_r00_t07_c01,syn_component_r00_t07_c01,TWM-SYN-C-0029,TWM-SYN-C-0029,106.013,29.431,0.84,0.264,0.264,0.04,4,1,0,0,2,1,1,0,0,0.5,0.822,True,True,synthetic_experiment_foundation,/Users/zhouning/gisdataagent/data_agent/test_data/twm_bishan_multi_admin_eval,SYN-R00,2026Q4+1,7,scenario_restore_1,test,restore,pair_0029,0.068,0.45912,0.527952,-0.056,0.094592,0.078,True,,,low_risk_allowed
TWM-SYN-C-0030,APR-TWM-SYN-C-0030,PRJ-TWM-SYN-C-0030,in_review,0.460144,0.0,79346.955,79346.955,SYN-R00:township_2,syn_component_r00_t07_c02,syn_component_r00_t07_c02,TWM-SYN-T-0030,TWM-SYN-T-0030,106.024,29.434,0.825,0.258,0.258,0.06,4,1,0,0,2,1,1,0,0,0.5,0.796,True,True,synthetic_experiment_foundation,/Users/zhouning/gisdataagent/data_agent/test_data/twm_bishan_multi_admin_eval,SYN-R00,2026Q4+1,7,scenario_restore_1,test,approve_with_conditions,pair_0030,0.041,0.45924,0.460144,-0.012,0.032544,0.104,True,,,low_risk_allowed
TWM-SYN-T-0030,APR-TWM-SYN-T-0030,PRJ-TWM-SYN-T-0030,approved,0.501144,79346.955,79346.955,79346.955,SYN-R00:township_2,syn_component_r00_t07_c02,syn_component_r00_t07_c02,TWM-SYN-C-0030,TWM-SYN-C-0030,106.025,29.435,0.825,0.258,0.258,0.06,4,1,0,0,2,1,1,0,0,0.5,0.796,True,True,synthetic_experiment_foundation,/Users/zhouning/gisdataagent/data_agent/test_data/twm_bishan_multi_admin_eval,SYN-R00,2026Q4+1,7,scenario_restore_1,test,approve_with_conditions,pair_0030,0.041,0.45924,0.501144,-0.012,0.032544,0.104,True,,,low_risk_allowed
TWM-SYN-C-0031,APR-TWM-SYN-C-0031,PRJ-TWM-SYN-C-0031,in_review,0.457552,0.0,92032.689,92032.689,SYN-R00:township_0,syn_component_r00_t07_c03,syn_component_r00_t07_c03,TWM-SYN-T-0031,TWM-SYN-T-0031,106.036,29.438,0.81,0.264,0.264,0.08,4,1,0,0,2,1,1,1,0,0.5,0.75,True,True,synthetic_experiment_foundation,/Users/zhouning/gisdataagent/data_agent/test_data/twm_bishan_multi_admin_eval,SYN-R00,2026Q4+1,7,scenario_restore_1,test,defer_review,pair_0031,0.014,0.45672,0.457552,0.018,-0.013648,0.153,False,synthetic_defer_review,,defer_review_always_review
TWM-SYN-T-0031,APR-TWM-SYN-T-0031,PRJ-TWM-SYN-T-0031,approved,0.471552,92032.689,92032.689,92032.689,SYN-R00:township_0,syn_component_r00_t07_c03,syn_component_r00_t07_c03,TWM-SYN-C-0031,TWM-SYN-C-0031,106.037,29.439,0.81,0.264,0.264,0.08,4,1,0,0,2,1,1,1,0,0.5,0.75,True,True,synthetic_experiment_foundation,/Users/zhouning/gisdataagent/data_agent/test_data/twm_bishan_multi_admin_eval,SYN-R00,2026Q4+1,7,scenario_restore_1,test,defer_review,pair_0031,0.014,0.45672,0.471552,0.018,-0.013648,0.153,False,synthetic_defer_review,,defer_review_always_review
TWM-SYN-C-0032,APR-TWM-SYN-C-0032,PRJ-TWM-SYN-C-0032,in_review,0.467664,0.0,37183.167,37183.167,SYN-R01:township_0,syn_component_r01_t00_c00,syn_component_r01_t00_c00,TWM-SYN-T-0032,TWM-SYN-T-0032,106.18,29.3,0.795,0.198,0.198,0.04,4,0,0,0,1,0,1,0,0,0.5,0.805,True,True,synthetic_experiment_foundation,/Users/zhouning/gisdataagent/data_agent/test_data/twm_bishan_multi_admin_eval,SYN-R01,2026Q1+0,0,scenario_restore_0,train,protect,pair_0032,0.031,0.47004,0.467664,-0.024,0.018384,0.095,True,,,low_risk_allowed
TWM-SYN-T-0032,APR-TWM-SYN-T-0032,PRJ-TWM-SYN-T-0032,approved,0.498664,37183.167,37183.167,37183.167,SYN-R01:township_0,syn_component_r01_t00_c00,syn_component_r01_t00_c00,TWM-SYN-C-0032,TWM-SYN-C-0032,106.181,29.301,0.795,0.198,0.198,0.04,4,0,0,0,1,0,1,0,0,0.5,0.805,True,True,synthetic_experiment_foundation,/Users/zhouning/gisdataagent/data_agent/test_data/twm_bishan_multi_admin_eval,SYN-R01,2026Q1+0,0,scenario_restore_0,train,protect,pair_0032,0.031,0.47004,0.498664,-0.024,0.018384,0.095,True,,,low_risk_allowed
TWM-SYN-C-0033,APR-TWM-SYN-C-0033,PRJ-TWM-SYN-C-0033,in_review,0.467856,0.0,133439.992,133439.992,SYN-R01:township_1,syn_component_r01_t00_c01,syn_component_r01_t00_c01,TWM-SYN-T-0033,TWM-SYN-T-0033,106.192,29.304,0.78,0.192,0.192,0.06,4,0,0,0,1,0,1,0,0,0.5,0.821,True,True,synthetic_experiment_foundation,/Users/zhouning/gisdataagent/data_agent/test_data/twm_bishan_multi_admin_eval,SYN-R01,2026Q1+0,0,scenario_restore_0,train,restore,pair_0033,0.063,0.47016,0.467856,-0.054,0.090336,0.079,True,,,low_risk_allowed
TWM-SYN-T-0033,APR-TWM-SYN-T-0033,PRJ-TWM-SYN-T-0033,approved,0.530856,133439.992,133439.992,133439.992,SYN-R01:township_1,syn_component_r01_t00_c01,syn_component_r01_t00_c01,TWM-SYN-C-0033,TWM-SYN-C-0033,106.193,29.305,0.78,0.192,0.192,0.06,4,0,0,0,1,0,1,0,0,0.5,0.821,True,True,synthetic_experiment_foundation,/Users/zhouning/gisdataagent/data_agent/test_data/twm_bishan_multi_admin_eval,SYN-R01,2026Q1+0,0,scenario_restore_0,train,restore,pair_0033,0.063,0.47016,0.530856,-0.054,0.090336,0.079,True,,,low_risk_allowed
TWM-SYN-C-0034,APR-TWM-SYN-C-0034,PRJ-TWM-SYN-C-0034,in_review,0.465264,0.0,96819.118,96819.118,SYN-R01:township_2,syn_component_r01_t00_c02,syn_component_r01_t00_c02,TWM-SYN-T-0034,TWM-SYN-T-0034,106.204,29.308,0.765,0.198,0.198,0.08,4,0,0,0,1,0,1,1,0,0.5,0.795,True,True,synthetic_experiment_foundation,/Users/zhouning/gisdataagent/data_agent/test_data/twm_bishan_multi_admin_eval,SYN-R01,2026Q1+0,0,scenario_restore_0,train,approve_with_conditions,pair_0034,0.036,0.46764,0.465264,-0.01,0.028144,0.105,True,,,low_risk_allowed
TWM-SYN-T-0034,APR-TWM-SYN-T-0034,PRJ-TWM-SYN-T-0034,approved,0.501264,96819.118,96819.118,96819.118,SYN-R01:township_2,syn_component_r01_t00_c02,syn_component_r01_t00_c02,TWM-SYN-C-0034,TWM-SYN-C-0034,106.205,29.309,0.765,0.198,0.198,0.08,4,0,0,0,1,0,1,1,0,0.5,0.795,True,True,synthetic_experiment_foundation,/Users/zhouning/gisdataagent/data_agent/test_data/twm_bishan_multi_admin_eval,SYN-R01,2026Q1+0,0,scenario_restore_0,train,approve_with_conditions,pair_0034,0.036,0.46764,0.501264,-0.01,0.028144,0.105,True,,,low_risk_allowed
TWM-SYN-C-0035,APR-TWM-SYN-C-0035,PRJ-TWM-SYN-C-0035,in_review,0.465456,0.0,48746.094,48746.094,SYN-R01:township_0,syn_component_r01_t00_c03,syn_component_r01_t00_c03,TWM-SYN-T-0035,TWM-SYN-T-0035,106.216,29.312,0.75,0.192,0.192,0.1,4,0,0,0,1,0,1,1,0,0.5,0.75,True,True,synthetic_experiment_foundation,/Users/zhouning/gisdataagent/data_agent/test_data/twm_bishan_multi_admin_eval,SYN-R01,2026Q1+0,0,scenario_restore_0,train,defer_review,pair_0035,0.009,0.46776,0.465456,0.02,-0.017904,0.154,False,synthetic_defer_review,,defer_review_always_review
TWM-SYN-T-0035,APR-TWM-SYN-T-0035,PRJ-TWM-SYN-T-0035,approved,0.474456,48746.094,48746.094,48746.094,SYN-R01:township_0,syn_component_r01_t00_c03,syn_component_r01_t00_c03,TWM-SYN-C-0035,TWM-SYN-C-0035,106.217,29.313,0.75,0.192,0.192,0.1,4,0,0,0,1,0,1,1,0,0.5,0.75,True,True,synthetic_experiment_foundation,/Users/zhouning/gisdataagent/data_agent/test_data/twm_bishan_multi_admin_eval,SYN-R01,2026Q1+0,0,scenario_restore_0,train,defer_review,pair_0035,0.009,0.46776,0.474456,0.02,-0.017904,0.154,False,synthetic_defer_review,,defer_review_always_review
TWM-SYN-C-0036,APR-TWM-SYN-C-0036,PRJ-TWM-SYN-C-0036,in_review,0.468816,0.0,24143.744,24143.744,SYN-R01:township_0,syn_component_r01_t01_c00,syn_component_r01_t01_c00,TWM-SYN-T-0036,TWM-SYN-T-0036,106.18,29.318,0.8,0.212,0.212,0.06,4,0,0,0,1,0,1,0,0,0.5,0.802,True,True,synthetic_experiment_foundation,/Users/zhouning/gisdataagent/data_agent/test_data/twm_bishan_multi_admin_eval,SYN-R01,2026Q2+0,1,scenario_approve_with_conditions_1,train,protect,pair_0036,0.033,0.46736,0.468816,-0.024,0.020096,0.098,True,,,low_risk_allowed
TWM-SYN-T-0036,APR-TWM-SYN-T-0036,PRJ-TWM-SYN-T-0036,approved,0.501816,24143.744,24143.744,24143.744,SYN-R01:township_0,syn_component_r01_t01_c00,syn_component_r01_t01_c00,TWM-SYN-C-0036,TWM-SYN-C-0036,106.181,29.319,0.8,0.212,0.212,0.06,4,0,0,0,1,0,1,0,0,0.5,0.802,True,True,synthetic_experiment_foundation,/Users/zhouning/gisdataagent/data_agent/test_data/twm_bishan_multi_admin_eval,SYN-R01,2026Q2+0,1,scenario_approve_with_conditions_1,train,protect,pair_0036,0.033,0.46736,0.501816,-0.024,0.020096,0.098,True,,,low_risk_allowed
TWM-SYN-C-0037,APR-TWM-SYN-C-0037,PRJ-TWM-SYN-C-0037,in_review,0.469008,0.0,6419.624,6419.624,SYN-R01:township_1,syn_component_r01_t01_c01,syn_component_r01_t01_c01,TWM-SYN-T-0037,TWM-SYN-T-0037,106.192,29.322,0.785,0.206,0.206,0.08,4,0,0,0,1,0,1,1,0,0.5,0.797,True,True,synthetic_experiment_foundation,/Users/zhouning/gisdataagent/data_agent/test_data/twm_bishan_multi_admin_eval,SYN-R01,2026Q2+0,1,scenario_approve_with_conditions_1,train,restore,pair_0037,0.041,0.46748,0.469008,-0.018,0.026048,0.103,True,,,low_risk_allowed
TWM-SYN-T-0037,APR-TWM-SYN-T-0037,PRJ-TWM-SYN-T-0037,approved,0.510008,6419.624,6419.624,6419.624,SYN-R01:township_1,syn_component_r01_t01_c01,syn_component_r01_t01_c01,TWM-SYN-C-0037,TWM-SYN-C-0037,106.193,29.323,0.785,0.206,0.206,0.08,4,0,0,0,1,0,1,1,0,0.5,0.797,True,True,synthetic_experiment_foundation,/Users/zhouning/gisdataagent/data_agent/test_data/twm_bishan_multi_admin_eval,SYN-R01,2026Q2+0,1,scenario_approve_with_conditions_1,train,restore,pair_0037,0.041,0.46748,0.510008,-0.018,0.026048,0.103,True,,,low_risk_allowed
TWM-SYN-C-0038,APR-TWM-SYN-C-0038,PRJ-TWM-SYN-C-0038,in_review,0.466416,0.0,172245.348,172245.348,SYN-R01:township_2,syn_component_r01_t01_c02,syn_component_r01_t01_c02,TWM-SYN-T-0038,TWM-SYN-T-0038,106.204,29.326,0.77,0.212,0.212,0.1,4,0,0,0,1,0,1,1,0,0.5,0.813,True,True,synthetic_experiment_foundation,/Users/zhouning/gisdataagent/data_agent/test_data/twm_bishan_multi_admin_eval,SYN-R01,2026Q2+0,1,scenario_approve_with_conditions_1,train,approve_with_conditions,pair_0038,0.062,0.46496,0.466416,-0.046,0.095856,0.087,True,,,low_risk_allowed
TWM-SYN-T-0038,APR-TWM-SYN-T-0038,PRJ-TWM-SYN-T-0038,approved,0.528416,172245.348,172245.348,172245.348,SYN-R01:township_2,syn_component_r01_t01_c02,syn_component_r01_t01_c02,TWM-SYN-C-0038,TWM-SYN-C-0038,106.205,29.327,0.77,0.212,0.212,0.1,4,0,0,0,1,0,1,1,0,0.5,0.813,True,True,synthetic_experiment_foundation,/Users/zhouning/gisdataagent/data_agent/test_data/twm_bishan_multi_admin_eval,SYN-R01,2026Q2+0,1,scenario_approve_with_conditions_1,train,approve_with_conditions,pair_0038,0.062,0.46496,0.528416,-0.046,0.095856,0.087,True,,,low_risk_allowed
TWM-SYN-C-0039,APR-TWM-SYN-C-0039,PRJ-TWM-SYN-C-0039,in_review,0.466608,0.0,27632.519,27632.519,SYN-R01:township_0,syn_component_r01_t01_c03,syn_component_r01_t01_c03,TWM-SYN-T-0039,TWM-SYN-T-0039,106.216,29.33,0.755,0.206,0.206,0.04,4,0,0,0,1,0,1,0,0,0.5,0.75,True,True,synthetic_experiment_foundation,/Users/zhouning/gisdataagent/data_agent/test_data/twm_bishan_multi_admin_eval,SYN-R01,2026Q2+0,1,scenario_approve_with_conditions_1,train,defer_review,pair_0039,0.011,0.46508,0.466608,0.02,-0.015712,0.157,False,synthetic_defer_review,,defer_review_always_review
TWM-SYN-T-0039,APR-TWM-SYN-T-0039,PRJ-TWM-SYN-T-0039,approved,0.477608,27632.519,27632.519,27632.519,SYN-R01:township_0,syn_component_r01_t01_c03,syn_component_r01_t01_c03,TWM-SYN-C-0039,TWM-SYN-C-0039,106.217,29.331,0.755,0.206,0.206,0.04,4,0,0,0,1,0,1,0,0,0.5,0.75,True,True,synthetic_experiment_foundation,/Users/zhouning/gisdataagent/data_agent/test_data/twm_bishan_multi_admin_eval,SYN-R01,2026Q2+0,1,scenario_approve_with_conditions_1,train,defer_review,pair_0039,0.011,0.46508,0.477608,0.02,-0.015712,0.157,False,synthetic_defer_review,,defer_review_always_review
TWM-SYN-C-0040,APR-TWM-SYN-C-0040,PRJ-TWM-SYN-C-0040,in_review,0.43656,0.0,19662.119,19662.119,SYN-R01:township_0,syn_component_r01_t02_c00,syn_component_r01_t02_c00,TWM-SYN-T-0040,TWM-SYN-T-0040,106.18,29.336,0.805,0.37,0.37,0.08,4,1,0,1,2,0,1,1,0,0.5,0.82,True,True,synthetic_experiment_foundation,/Users/zhouning/gisdataagent/data_agent/test_data/twm_bishan_multi_admin_eval,SYN-R01,2026Q3+0,2,scenario_protect_2,train,protect,pair_0040,0.055,0.433,0.43656,-0.06,0.08208,0.08,True,,,mixed_risk_protect_allowed
TWM-SYN-T-0040,APR-TWM-SYN-T-0040,PRJ-TWM-SYN-T-0040,approved,0.49156,19662.119,19662.119,19662.119,SYN-R01:township_0,syn_component_r01_t02_c00,syn_component_r01_t02_c00,TWM-SYN-C-0040,TWM-SYN-C-0040,106.181,29.337,0.805,0.37,0.37,0.08,4,1,0,1,2,0,1,1,0,0.5,0.82,True,True,synthetic_experiment_foundation,/Users/zhouning/gisdataagent/data_agent/test_data/twm_bishan_multi_admin_eval,SYN-R01,2026Q3+0,2,scenario_protect_2,train,protect,pair_0040,0.055,0.433,0.49156,-0.06,0.08208,0.08,True,,,mixed_risk_protect_allowed
TWM-SYN-C-0041,APR-TWM-SYN-C-0041,PRJ-TWM-SYN-C-0041,in_review,0.47016,0.0,57757.611,57757.611,SYN-R01:township_1,syn_component_r01_t02_c01,syn_component_r01_t02_c01,TWM-SYN-T-0041,TWM-SYN-T-0041,106.192,29.34,0.79,0.22,0.22,0.1,4,1,0,0,2,0,1,1,0,0.5,0.794,True,True,synthetic_experiment_foundation,/Users/zhouning/gisdataagent/data_agent/test_data/twm_bishan_multi_admin_eval,SYN-R01,2026Q3+0,2,scenario_protect_2,train,restore,pair_0041,0.039,0.4648,0.47016,-0.018,0.02376,0.106,False,restoration_high_risk_phasing_review,,mixed_risk_restore_blocked
TWM-SYN-T-0041,APR-TWM-SYN-T-0041,PRJ-TWM-SYN-T-0041,approved,0.50916,57757.611,57757.611,57757.611,SYN-R01:township_1,syn_component_r01_t02_c01,syn_component_r01_t02_c01,TWM-SYN-C-0041,TWM-SYN-C-0041,106.193,29.341,0.79,0.22,0.22,0.1,4,1,0,0,2,0,1,1,0,0.5,0.794,True,True,synthetic_experiment_foundation,/Users/zhouning/gisdataagent/data_agent/test_data/twm_bishan_multi_admin_eval,SYN-R01,2026Q3+0,2,scenario_protect_2,train,restore,pair_0041,0.039,0.4648,0.50916,-0.018,0.02376,0.106,False,restoration_high_risk_phasing_review,,mixed_risk_restore_blocked
TWM-SYN-C-0042,APR-TWM-SYN-C-0042,PRJ-TWM-SYN-C-0042,in_review,0.44576,0.0,172245.348,172245.348,SYN-R01:township_2,syn_component_r01_t02_c02,syn_component_r01_t02_c02,TWM-SYN-T-0042,TWM-SYN-T-0042,106.204,29.344,0.775,0.32,0.32,0.04,4,1,0,0,2,0,1,0,0,0.5,0.789,True,True,synthetic_experiment_foundation,/Users/zhouning/gisdataagent/data_agent/test_data/twm_bishan_multi_admin_eval,SYN-R01,2026Q3+0,2,scenario_protect_2,train,approve_with_conditions,pair_0042,0.036,0.4416,0.44576,-0.01,0.02692,0.111,True,conditional_approval_monitoring,,mixed_risk_allowed_with_conditions
TWM-SYN-T-0042,APR-TWM-SYN-T-0042,PRJ-TWM-SYN-T-0042,approved,0.48176,172245.348,172245.348,172245.348,SYN-R01:township_2,syn_component_r01_t02_c02,syn_component_r01_t02_c02,TWM-SYN-C-0042,TWM-SYN-C-0042,106.205,29.345,0.775,0.32,0.32,0.04,4,1,0,0,2,0,1,0,0,0.5,0.789,True,True,synthetic_experiment_foundation,/Users/zhouning/gisdataagent/data_agent/test_data/twm_bishan_multi_admin_eval,SYN-R01,2026Q3+0,2,scenario_protect_2,train,approve_with_conditions,pair_0042,0.036,0.4416,0.48176,-0.01,0.02692,0.111,True,conditional_approval_monitoring,,mixed_risk_allowed_with_conditions
TWM-SYN-C-0043,APR-TWM-SYN-C-0043,PRJ-TWM-SYN-C-0043,in_review,0.46776,0.0,81089.947,81089.947,SYN-R01:township_0,syn_component_r01_t02_c03,syn_component_r01_t02_c03,TWM-SYN-T-0043,TWM-SYN-T-0043,106.216,29.348,0.76,0.22,0.22,0.06,4,1,0,0,2,0,1,0,0,0.5,0.75,True,True,synthetic_experiment_foundation,/Users/zhouning/gisdataagent/data_agent/test_data/twm_bishan_multi_admin_eval,SYN-R01,2026Q3+0,2,scenario_protect_2,train,defer_review,pair_0043,0.009,0.4624,0.46776,0.02,-0.018,0.16,False,synthetic_defer_review,,defer_review_always_review
TWM-SYN-T-0043,APR-TWM-SYN-T-0043,PRJ-TWM-SYN-T-0043,approved,0.47676,81089.947,81089.947,81089.947,SYN-R01:township_0,syn_component_r01_t02_c03,syn_component_r01_t02_c03,TWM-SYN-C-0043,TWM-SYN-C-0043,106.217,29.349,0.76,0.22,0.22,0.06,4,1,0,0,2,0,1,0,0,0.5,0.75,True,True,synthetic_experiment_foundation,/Users/zhouning/gisdataagent/data_agent/test_data/twm_bishan_multi_admin_eval,SYN-R01,2026Q3+0,2,scenario_protect_2,train,defer_review,pair_0043,0.009,0.4624,0.47676,0.02,-0.018,0.16,False,synthetic_defer_review,,defer_review_always_review
TWM-SYN-C-0044,APR-TWM-SYN-C-0044,PRJ-TWM-SYN-C-0044,in_review,0.45912,0.0,16745.865,16745.865,SYN-R01:township_0,syn_component_r01_t03_c00,syn_component_r01_t03_c00,TWM-SYN-T-0044,TWM-SYN-T-0044,106.18,29.354,0.81,0.24,0.24,0.1,4,1,0,0,2,0,1,1,0,0.5,0.805,True,True,synthetic_experiment_foundation,/Users/zhouning/gisdataagent/data_agent/test_data/twm_bishan_multi_admin_eval,SYN-R01,2026Q4+0,3,scenario_restore_0,train,protect,pair_0044,0.033,0.462,0.45912,-0.024,0.01952,0.095,False,protection_boundary_conflict_review,,mixed_risk_protect_blocked
TWM-SYN-T-0044,APR-TWM-SYN-T-0044,PRJ-TWM-SYN-T-0044,approved,0.49212,16745.865,16745.865,16745.865,SYN-R01:township_0,syn_component_r01_t03_c00,syn_component_r01_t03_c00,TWM-SYN-C-0044,TWM-SYN-C-0044,106.181,29.355,0.81,0.24,0.24,0.1,4,1,0,0,2,0,1,1,0,0.5,0.805,True,True,synthetic_experiment_foundation,/Users/zhouning/gisdataagent/data_agent/test_data/twm_bishan_multi_admin_eval,SYN-R01,2026Q4+0,3,scenario_restore_0,train,protect,pair_0044,0.033,0.462,0.49212,-0.024,0.01952,0.095,False,protection_boundary_conflict_review,,mixed_risk_protect_blocked
TWM-SYN-C-0045,APR-TWM-SYN-C-0045,PRJ-TWM-SYN-C-0045,in_review,0.429152,0.0,8588.861,8588.861,SYN-R01:township_1,syn_component_r01_t03_c01,syn_component_r01_t03_c01,TWM-SYN-T-0045,TWM-SYN-T-0045,106.192,29.358,0.795,0.364,0.364,0.04,4,1,0,1,2,0,1,0,0,0.5,0.821,True,True,synthetic_experiment_foundation,/Users/zhouning/gisdataagent/data_agent/test_data/twm_bishan_multi_admin_eval,SYN-R01,2026Q4+0,3,scenario_restore_0,train,restore,pair_0045,0.065,0.43352,0.429152,-0.054,0.090392,0.079,True,,,mixed_risk_restore_allowed
TWM-SYN-T-0045,APR-TWM-SYN-T-0045,PRJ-TWM-SYN-T-0045,approved,0.494152,8588.861,8588.861,8588.861,SYN-R01:township_1,syn_component_r01_t03_c01,syn_component_r01_t03_c01,TWM-SYN-C-0045,TWM-SYN-C-0045,106.193,29.359,0.795,0.364,0.364,0.04,4,1,0,1,2,0,1,0,0,0.5,0.821,True,True,synthetic_experiment_foundation,/Users/zhouning/gisdataagent/data_agent/test_data/twm_bishan_multi_admin_eval,SYN-R01,2026Q4+0,3,scenario_restore_0,train,restore,pair_0045,0.065,0.43352,0.494152,-0.054,0.090392,0.079,True,,,mixed_risk_restore_allowed
TWM-SYN-C-0046,APR-TWM-SYN-C-0046,PRJ-TWM-SYN-C-0046,in_review,0.45672,0.0,172245.348,172245.348,SYN-R01:township_2,syn_component_r01_t03_c02,syn_component_r01_t03_c02,TWM-SYN-T-0046,TWM-SYN-T-0046,106.204,29.362,0.78,0.24,0.24,0.06,4,1,0,0,2,0,1,0,0,0.5,0.795,True,True,synthetic_experiment_foundation,/Users/zhouning/gisdataagent/data_agent/test_data/twm_bishan_multi_admin_eval,SYN-R01,2026Q4+0,3,scenario_restore_0,train,approve_with_conditions,pair_0046,0.038,0.4596,0.45672,-0.01,0.02976,0.105,False,mixed_risk_condition_review,,mixed_risk_blocked_condition_review
TWM-SYN-T-0046,APR-TWM-SYN-T-0046,PRJ-TWM-SYN-T-0046,approved,0.49472,172245.348,172245.348,172245.348,SYN-R01:township_2,syn_component_r01_t03_c02,syn_component_r01_t03_c02,TWM-SYN-C-0046,TWM-SYN-C-0046,106.205,29.363,0.78,0.24,0.24,0.06,4,1,0,0,2,0,1,0,0,0.5,0.795,True,True,synthetic_experiment_foundation,/Users/zhouning/gisdataagent/data_agent/test_data/twm_bishan_multi_admin_eval,SYN-R01,2026Q4+0,3,scenario_restore_0,train,approve_with_conditions,pair_0046,0.038,0.4596,0.49472,-0.01,0.02976,0.105,False,mixed_risk_condition_review,,mixed_risk_blocked_condition_review
TWM-SYN-C-0047,APR-TWM-SYN-C-0047,PRJ-TWM-SYN-C-0047,in_review,0.456912,0.0,32500.694,32500.694,SYN-R01:township_0,syn_component_r01_t03_c03,syn_component_r01_t03_c03,TWM-SYN-T-0047,TWM-SYN-T-0047,106.216,29.366,0.765,0.234,0.234,0.08,4,1,0,0,2,0,1,1,0,0.5,0.75,True,True,synthetic_experiment_foundation,/Users/zhouning/gisdataagent/data_agent/test_data/twm_bishan_multi_admin_eval,SYN-R01,2026Q4+0,3,scenario_restore_0,train,defer_review,pair_0047,0.011,0.45972,0.456912,0.02,-0.016288,0.154,False,synthetic_defer_review,,defer_review_always_review
TWM-SYN-T-0047,APR-TWM-SYN-T-0047,PRJ-TWM-SYN-T-0047,approved,0.467912,32500.694,32500.694,32500.694,SYN-R01:township_0,syn_component_r01_t03_c03,syn_component_r01_t03_c03,TWM-SYN-C-0047,TWM-SYN-C-0047,106.217,29.367,0.765,0.234,0.234,0.08,4,1,0,0,2,0,1,1,0,0.5,0.75,True,True,synthetic_experiment_foundation,/Users/zhouning/gisdataagent/data_agent/test_data/twm_bishan_multi_admin_eval,SYN-R01,2026Q4+0,3,scenario_restore_0,train,defer_review,pair_0047,0.011,0.45972,0.467912,0.02,-0.016288,0.154,False,synthetic_defer_review,,defer_review_always_review
TWM-SYN-C-0048,APR-TWM-SYN-C-0048,PRJ-TWM-SYN-C-0048,in_review,0.460272,0.0,12905.172,12905.172,SYN-R01:township_0,syn_component_r01_t04_c00,syn_component_r01_t04_c00,TWM-SYN-T-0048,TWM-SYN-T-0048,106.18,29.372,0.815,0.254,0.254,0.04,4,1,0,0,2,0,1,0,0,0.5,0.802,True,True,synthetic_experiment_foundation,/Users/zhouning/gisdataagent/data_agent/test_data/twm_bishan_multi_admin_eval,SYN-R01,2026Q1+1,4,scenario_approve_with_conditions_1,validation,protect,pair_0048,0.031,0.45932,0.460272,-0.024,0.017712,0.098,True,,,low_risk_allowed
TWM-SYN-T-0048,APR-TWM-SYN-T-0048,PRJ-TWM-SYN-T-0048,approved,0.491272,12905.172,12905.172,12905.172,SYN-R01:township_0,syn_component_r01_t04_c00,syn_component_r01_t04_c00,TWM-SYN-C-0048,TWM-SYN-C-0048,106.181,29.373,0.815,0.254,0.254,0.04,4,1,0,0,2,0,1,0,0,0.5,0.802,True,True,synthetic_experiment_foundation,/Users/zhouning/gisdataagent/data_agent/test_data/twm_bishan_multi_admin_eval,SYN-R01,2026Q1+1,4,scenario_approve_with_conditions_1,validation,protect,pair_0048,0.031,0.45932,0.491272,-0.024,0.017712,0.098,True,,,low_risk_allowed
TWM-SYN-C-0049,APR-TWM-SYN-C-0049,PRJ-TWM-SYN-C-0049,in_review,0.460464,0.0,120937.571,120937.571,SYN-R01:township_1,syn_component_r01_t04_c01,syn_component_r01_t04_c01,TWM-SYN-T-0049,TWM-SYN-T-0049,106.192,29.376,0.8,0.248,0.248,0.06,4,1,0,0,2,0,1,0,0,0.5,0.797,True,True,synthetic_experiment_foundation,/Users/zhouning/gisdataagent/data_agent/test_data/twm_bishan_multi_admin_eval,SYN-R01,2026Q1+1,4,scenario_approve_with_conditions_1,validation,restore,pair_0049,0.039,0.45944,0.460464,-0.018,0.023664,0.103,True,,,low_risk_allowed
TWM-SYN-T-0049,APR-TWM-SYN-T-0049,PRJ-TWM-SYN-T-0049,approved,0.499464,120937.571,120937.571,120937.571,SYN-R01:township_1,syn_component_r01_t04_c01,syn_component_r01_t04_c01,TWM-SYN-C-0049,TWM-SYN-C-0049,106.193,29.377,0.8,0.248,0.248,0.06,4,1,0,0,2,0,1,0,0,0.5,0.797,True,True,synthetic_experiment_foundation,/Users/zhouning/gisdataagent/data_agent/test_data/twm_bishan_multi_admin_eval,SYN-R01,2026Q1+1,4,scenario_approve_with_conditions_1,validation,restore,pair_0049,0.039,0.45944,0.499464,-0.018,0.023664,0.103,True,,,low_risk_allowed
TWM-SYN-C-0050,APR-TWM-SYN-C-0050,PRJ-TWM-SYN-C-0050,in_review,0.457872,0.0,172245.348,172245.348,SYN-R01:township_2,syn_component_r01_t04_c02,syn_component_r01_t04_c02,TWM-SYN-T-0050,TWM-SYN-T-0050,106.204,29.38,0.785,0.254,0.254,0.08,4,1,0,0,2,0,1,1,0,0.5,0.813,True,True,synthetic_experiment_foundation,/Users/zhouning/gisdataagent/data_agent/test_data/twm_bishan_multi_admin_eval,SYN-R01,2026Q1+1,4,scenario_approve_with_conditions_1,validation,approve_with_conditions,pair_0050,0.06,0.45692,0.457872,-0.046,0.093472,0.087,True,,,low_risk_allowed
TWM-SYN-T-0050,APR-TWM-SYN-T-0050,PRJ-TWM-SYN-T-0050,approved,0.517872,172245.348,172245.348,172245.348,SYN-R01:township_2,syn_component_r01_t04_c02,syn_component_r01_t04_c02,TWM-SYN-C-0050,TWM-SYN-C-0050,106.205,29.381,0.785,0.254,0.254,0.08,4,1,0,0,2,0,1,1,0,0.5,0.813,True,True,synthetic_experiment_foundation,/Users/zhouning/gisdataagent/data_agent/test_data/twm_bishan_multi_admin_eval,SYN-R01,2026Q1+1,4,scenario_approve_with_conditions_1,validation,approve_with_conditions,pair_0050,0.06,0.45692,0.517872,-0.046,0.093472,0.087,True,,,low_risk_allowed
TWM-SYN-C-0051,APR-TWM-SYN-C-0051,PRJ-TWM-SYN-C-0051,in_review,0.458064,0.0,96078.082,96078.082,SYN-R01:township_0,syn_component_r01_t04_c03,syn_component_r01_t04_c03,TWM-SYN-T-0051,TWM-SYN-T-0051,106.216,29.384,0.77,0.248,0.248,0.1,4,1,0,0,2,0,1,1,0,0.5,0.75,True,True,synthetic_experiment_foundation,/Users/zhouning/gisdataagent/data_agent/test_data/twm_bishan_multi_admin_eval,SYN-R01,2026Q1+1,4,scenario_approve_with_conditions_1,validation,defer_review,pair_0051,0.009,0.45704,0.458064,0.02,-0.018576,0.157,False,synthetic_defer_review,,defer_review_always_review
TWM-SYN-T-0051,APR-TWM-SYN-T-0051,PRJ-TWM-SYN-T-0051,approved,0.467064,96078.082,96078.082,96078.082,SYN-R01:township_0,syn_component_r01_t04_c03,syn_component_r01_t04_c03,TWM-SYN-C-0051,TWM-SYN-C-0051,106.217,29.385,0.77,0.248,0.248,0.1,4,1,0,0,2,0,1,1,0,0.5,0.75,True,True,synthetic_experiment_foundation,/Users/zhouning/gisdataagent/data_agent/test_data/twm_bishan_multi_admin_eval,SYN-R01,2026Q1+1,4,scenario_approve_with_conditions_1,validation,defer_review,pair_0051,0.009,0.45704,0.467064,0.02,-0.018576,0.157,False,synthetic_defer_review,,defer_review_always_review
TWM-SYN-C-0052,APR-TWM-SYN-C-0052,PRJ-TWM-SYN-C-0052,in_review,0.461424,0.0,17990.579,17990.579,SYN-R01:township_0,syn_component_r01_t05_c00,syn_component_r01_t05_c00,TWM-SYN-T-0052,TWM-SYN-T-0052,106.18,29.39,0.82,0.268,0.268,0.06,4,1,0,0,2,0,1,0,0,0.5,0.82,True,True,synthetic_experiment_foundation,/Users/zhouning/gisdataagent/data_agent/test_data/twm_bishan_multi_admin_eval,SYN-R01,2026Q2+1,5,scenario_protect_2,validation,protect,pair_0052,0.057,0.45664,0.461424,-0.06,0.085424,0.08,True,,,low_risk_allowed
TWM-SYN-T-0052,APR-TWM-SYN-T-0052,PRJ-TWM-SYN-T-0052,approved,0.518424,17990.579,17990.579,17990.579,SYN-R01:township_0,syn_component_r01_t05_c00,syn_component_r01_t05_c00,TWM-SYN-C-0052,TWM-SYN-C-0052,106.181,29.391,0.82,0.268,0.268,0.06,4,1,0,0,2,0,1,0,0,0.5,0.82,True,True,synthetic_experiment_foundation,/Users/zhouning/gisdataagent/data_agent/test_data/twm_bishan_multi_admin_eval,SYN-R01,2026Q2+1,5,scenario_protect_2,validation,protect,pair_0052,0.057,0.45664,0.518424,-0.06,0.085424,0.08,True,,,low_risk_allowed
TWM-SYN-C-0053,APR-TWM-SYN-C-0053,PRJ-TWM-SYN-C-0053,in_review,0.461616,0.0,10372.216,10372.216,SYN-R01:township_1,syn_component_r01_t05_c01,syn_component_r01_t05_c01,TWM-SYN-T-0053,TWM-SYN-T-0053,106.192,29.394,0.805,0.262,0.262,0.08,4,1,0,0,2,0,1,1,0,0.5,0.794,True,True,synthetic_experiment_foundation,/Users/zhouning/gisdataagent/data_agent/test_data/twm_bishan_multi_admin_eval,SYN-R01,2026Q2+1,5,scenario_protect_2,validation,restore,pair_0053,0.041,0.45676,0.461616,-0.018,0.025376,0.106,False,restoration_high_risk_phasing_review,,mixed_risk_restore_blocked
TWM-SYN-T-0053,APR-TWM-SYN-T-0053,PRJ-TWM-SYN-T-0053,approved,0.502616,10372.216,10372.216,10372.216,SYN-R01:township_1,syn_component_r01_t05_c01,syn_component_r01_t05_c01,TWM-SYN-C-0053,TWM-SYN-C-0053,106.193,29.395,0.805,0.262,0.262,0.08,4,1,0,0,2,0,1,1,0,0.5,0.794,True,True,synthetic_experiment_foundation,/Users/zhouning/gisdataagent/data_agent/test_data/twm_bishan_multi_admin_eval,SYN-R01,2026Q2+1,5,scenario_protect_2,validation,restore,pair_0053,0.041,0.45676,0.502616,-0.018,0.025376,0.106,False,restoration_high_risk_phasing_review,,mixed_risk_restore_blocked
TWM-SYN-C-0054,APR-TWM-SYN-C-0054,PRJ-TWM-SYN-C-0054,in_review,0.459024,0.0,125951.158,125951.158,SYN-R01:township_2,syn_component_r01_t05_c02,syn_component_r01_t05_c02,TWM-SYN-T-0054,TWM-SYN-T-0054,106.204,29.398,0.79,0.268,0.268,0.1,4,1,0,0,2,0,1,1,0,0.5,0.789,True,True,synthetic_experiment_foundation,/Users/zhouning/gisdataagent/data_agent/test_data/twm_bishan_multi_admin_eval,SYN-R01,2026Q2+1,5,scenario_protect_2,validation,approve_with_conditions,pair_0054,0.038,0.45424,0.459024,-0.01,0.029184,0.111,False,mixed_risk_condition_review,,mixed_risk_blocked_condition_review
TWM-SYN-T-0054,APR-TWM-SYN-T-0054,PRJ-TWM-SYN-T-0054,approved,0.497024,125951.158,125951.158,125951.158,SYN-R01:township_2,syn_component_r01_t05_c02,syn_component_r01_t05_c02,TWM-SYN-C-0054,TWM-SYN-C-0054,106.205,29.399,0.79,0.268,0.268,0.1,4,1,0,0,2,0,1,1,0,0.5,0.789,True,True,synthetic_experiment_foundation,/Users/zhouning/gisdataagent/data_agent/test_data/twm_bishan_multi_admin_eval,SYN-R01,2026Q2+1,5,scenario_protect_2,validation,approve_with_conditions,pair_0054,0.038,0.45424,0.497024,-0.01,0.029184,0.111,False,mixed_risk_condition_review,,mixed_risk_blocked_condition_review
TWM-SYN-C-0055,APR-TWM-SYN-C-0055,PRJ-TWM-SYN-C-0055,in_review,0.459216,0.0,52330.544,52330.544,SYN-R01:township_0,syn_component_r01_t05_c03,syn_component_r01_t05_c03,TWM-SYN-T-0055,TWM-SYN-T-0055,106.216,29.402,0.775,0.262,0.262,0.04,4,1,0,0,2,0,1,0,0,0.5,0.75,True,True,synthetic_experiment_foundation,/Users/zhouning/gisdataagent/data_agent/test_data/twm_bishan_multi_admin_eval,SYN-R01,2026Q2+1,5,scenario_protect_2,validation,defer_review,pair_0055,0.011,0.45436,0.459216,0.02,-0.016384,0.16,False,synthetic_defer_review,,defer_review_always_review
TWM-SYN-T-0055,APR-TWM-SYN-T-0055,PRJ-TWM-SYN-T-0055,approved,0.470216,52330.544,52330.544,52330.544,SYN-R01:township_0,syn_component_r01_t05_c03,syn_component_r01_t05_c03,TWM-SYN-C-0055,TWM-SYN-C-0055,106.217,29.403,0.775,0.262,0.262,0.04,4,1,0,0,2,0,1,0,0,0.5,0.75,True,True,synthetic_experiment_foundation,/Users/zhouning/gisdataagent/data_agent/test_data/twm_bishan_multi_admin_eval,SYN-R01,2026Q2+1,5,scenario_protect_2,validation,defer_review,pair_0055,0.011,0.45436,0.470216,0.02,-0.016384,0.16,False,synthetic_defer_review,,defer_review_always_review
TWM-SYN-C-0056,APR-TWM-SYN-C-0056,PRJ-TWM-SYN-C-0056,in_review,0.450576,0.0,78319.316,78319.316,SYN-R01:township_0,syn_component_r01_t06_c00,syn_component_r01_t06_c00,TWM-SYN-T-0056,TWM-SYN-T-0056,106.18,29.408,0.825,0.282,0.282,0.08,4,1,0,0,2,1,1,1,0,0.5,0.805,True,True,synthetic_experiment_foundation,/Users/zhouning/gisdataagent/data_agent/test_data/twm_bishan_multi_admin_eval,SYN-R01,2026Q3+1,6,scenario_restore_0,test,protect,pair_0056,0.031,0.45396,0.450576,-0.024,0.017136,0.095,False,protection_boundary_conflict_review,,mixed_risk_protect_blocked
TWM-SYN-T-0056,APR-TWM-SYN-T-0056,PRJ-TWM-SYN-T-0056,approved,0.481576,78319.316,78319.316,78319.316,SYN-R01:township_0,syn_component_r01_t06_c00,syn_component_r01_t06_c00,TWM-SYN-C-0056,TWM-SYN-C-0056,106.181,29.409,0.825,0.282,0.282,0.08,4,1,0,0,2,1,1,1,0,0.5,0.805,True,True,synthetic_experiment_foundation,/Users/zhouning/gisdataagent/data_agent/test_data/twm_bishan_multi_admin_eval,SYN-R01,2026Q3+1,6,scenario_restore_0,test,protect,pair_0056,0.031,0.45396,0.481576,-0.024,0.017136,0.095,False,protection_boundary_conflict_review,,mixed_risk_protect_blocked
TWM-SYN-C-0057,APR-TWM-SYN-C-0057,PRJ-TWM-SYN-C-0057,in_review,0.450768,0.0,168541.147,168541.147,SYN-R01:township_1,syn_component_r01_t06_c01,syn_component_r01_t06_c01,TWM-SYN-T-0057,TWM-SYN-T-0057,106.192,29.412,0.81,0.276,0.276,0.1,4,1,0,0,2,1,1,1,0,0.5,0.821,True,True,synthetic_experiment_foundation,/Users/zhouning/gisdataagent/data_agent/test_data/twm_bishan_multi_admin_eval,SYN-R01,2026Q3+1,6,scenario_restore_0,test,restore,pair_0057,0.063,0.45408,0.450768,-0.054,0.089088,0.079,True,,,low_risk_allowed
TWM-SYN-T-0057,APR-TWM-SYN-T-0057,PRJ-TWM-SYN-T-0057,approved,0.513768,168541.147,168541.147,168541.147,SYN-R01:township_1,syn_component_r01_t06_c01,syn_component_r01_t06_c01,TWM-SYN-C-0057,TWM-SYN-C-0057,106.193,29.413,0.81,0.276,0.276,0.1,4,1,0,0,2,1,1,1,0,0.5,0.821,True,True,synthetic_experiment_foundation,/Users/zhouning/gisdataagent/data_agent/test_data/twm_bishan_multi_admin_eval,SYN-R01,2026Q3+1,6,scenario_restore_0,test,restore,pair_0057,0.063,0.45408,0.513768,-0.054,0.089088,0.079,True,,,low_risk_allowed
TWM-SYN-C-0058,APR-TWM-SYN-C-0058,PRJ-TWM-SYN-C-0058,in_review,0.448176,0.0,40354.701,40354.701,SYN-R01:township_2,syn_component_r01_t06_c02,syn_component_r01_t06_c02,TWM-SYN-T-0058,TWM-SYN-T-0058,106.204,29.416,0.795,0.282,0.282,0.04,4,1,0,0,2,1,1,0,0,0.5,0.795,True,True,synthetic_experiment_foundation,/Users/zhouning/gisdataagent/data_agent/test_data/twm_bishan_multi_admin_eval,SYN-R01,2026Q3+1,6,scenario_restore_0,test,approve_with_conditions,pair_0058,0.036,0.45156,0.448176,-0.01,0.027376,0.105,True,,,low_risk_allowed
TWM-SYN-T-0058,APR-TWM-SYN-T-0058,PRJ-TWM-SYN-T-0058,approved,0.484176,40354.701,40354.701,40354.701,SYN-R01:township_2,syn_component_r01_t06_c02,syn_component_r01_t06_c02,TWM-SYN-C-0058,TWM-SYN-C-0058,106.205,29.417,0.795,0.282,0.282,0.04,4,1,0,0,2,1,1,0,0,0.5,0.795,True,True,synthetic_experiment_foundation,/Users/zhouning/gisdataagent/data_agent/test_data/twm_bishan_multi_admin_eval,SYN-R01,2026Q3+1,6,scenario_restore_0,test,approve_with_conditions,pair_0058,0.036,0.45156,0.484176,-0.01,0.027376,0.105,True,,,low_risk_allowed
TWM-SYN-C-0059,APR-TWM-SYN-C-0059,PRJ-TWM-SYN-C-0059,in_review,0.448368,0.0,27632.519,27632.519,SYN-R01:township_0,syn_component_r01_t06_c03,syn_component_r01_t06_c03,TWM-SYN-T-0059,TWM-SYN-T-0059,106.216,29.42,0.78,0.276,0.276,0.06,4,1,0,0,2,1,1,0,0,0.5,0.75,True,True,synthetic_experiment_foundation,/Users/zhouning/gisdataagent/data_agent/test_data/twm_bishan_multi_admin_eval,SYN-R01,2026Q3+1,6,scenario_restore_0,test,defer_review,pair_0059,0.009,0.45168,0.448368,0.02,-0.018672,0.154,False,synthetic_defer_review,,defer_review_always_review
TWM-SYN-T-0059,APR-TWM-SYN-T-0059,PRJ-TWM-SYN-T-0059,approved,0.457368,27632.519,27632.519,27632.519,SYN-R01:township_0,syn_component_r01_t06_c03,syn_component_r01_t06_c03,TWM-SYN-C-0059,TWM-SYN-C-0059,106.217,29.421,0.78,0.276,0.276,0.06,4,1,0,0,2,1,1,0,0,0.5,0.75,True,True,synthetic_experiment_foundation,/Users/zhouning/gisdataagent/data_agent/test_data/twm_bishan_multi_admin_eval,SYN-R01,2026Q3+1,6,scenario_restore_0,test,defer_review,pair_0059,0.009,0.45168,0.457368,0.02,-0.018672,0.154,False,synthetic_defer_review,,defer_review_always_review
TWM-SYN-C-0060,APR-TWM-SYN-C-0060,PRJ-TWM-SYN-C-0060,in_review,0.451728,0.0,80383.238,80383.238,SYN-R01:township_0,syn_component_r01_t07_c00,syn_component_r01_t07_c00,TWM-SYN-T-0060,TWM-SYN-T-0060,106.18,29.426,0.83,0.296,0.296,0.1,4,1,0,0,2,1,1,1,0,0.5,0.802,True,True,synthetic_experiment_foundation,/Users/zhouning/gisdataagent/data_agent/test_data/twm_bishan_multi_admin_eval,SYN-R01,2026Q4+1,7,scenario_approve_with_conditions_1,test,protect,pair_0060,0.033,0.45128,0.451728,-0.024,0.018848,0.098,True,,,low_risk_allowed
TWM-SYN-T-0060,APR-TWM-SYN-T-0060,PRJ-TWM-SYN-T-0060,approved,0.484728,80383.238,80383.238,80383.238,SYN-R01:township_0,syn_component_r01_t07_c00,syn_component_r01_t07_c00,TWM-SYN-C-0060,TWM-SYN-C-0060,106.181,29.427,0.83,0.296,0.296,0.1,4,1,0,0,2,1,1,1,0,0.5,0.802,True,True,synthetic_experiment_foundation,/Users/zhouning/gisdataagent/data_agent/test_data/twm_bishan_multi_admin_eval,SYN-R01,2026Q4+1,7,scenario_approve_with_conditions_1,test,protect,pair_0060,0.033,0.45128,0.484728,-0.024,0.018848,0.098,True,,,low_risk_allowed
TWM-SYN-C-0061,APR-TWM-SYN-C-0061,PRJ-TWM-SYN-C-0061,in_review,0.45192,0.0,4766.282,4766.282,SYN-R01:township_1,syn_component_r01_t07_c01,syn_component_r01_t07_c01,TWM-SYN-T-0061,TWM-SYN-T-0061,106.192,29.43,0.815,0.29,0.29,0.04,4,1,0,0,2,1,1,0,0,0.5,0.797,True,True,synthetic_experiment_foundation,/Users/zhouning/gisdataagent/data_agent/test_data/twm_bishan_multi_admin_eval,SYN-R01,2026Q4+1,7,scenario_approve_with_conditions_1,test,restore,pair_0061,0.041,0.4514,0.45192,-0.018,0.02528,0.103,True,,,low_risk_allowed
TWM-SYN-T-0061,APR-TWM-SYN-T-0061,PRJ-TWM-SYN-T-0061,approved,0.49292,4766.282,4766.282,4766.282,SYN-R01:township_1,syn_component_r01_t07_c01,syn_component_r01_t07_c01,TWM-SYN-C-0061,TWM-SYN-C-0061,106.193,29.431,0.815,0.29,0.29,0.04,4,1,0,0,2,1,1,0,0,0.5,0.797,True,True,synthetic_experiment_foundation,/Users/zhouning/gisdataagent/data_agent/test_data/twm_bishan_multi_admin_eval,SYN-R01,2026Q4+1,7,scenario_approve_with_conditions_1,test,restore,pair_0061,0.041,0.4514,0.49292,-0.018,0.02528,0.103,True,,,low_risk_allowed
TWM-SYN-C-0062,APR-TWM-SYN-C-0062,PRJ-TWM-SYN-C-0062,in_review,0.449328,0.0,172245.348,172245.348,SYN-R01:township_2,syn_component_r01_t07_c02,syn_component_r01_t07_c02,TWM-SYN-T-0062,TWM-SYN-T-0062,106.204,29.434,0.8,0.296,0.296,0.06,4,1,0,0,2,1,1,0,0,0.5,0.813,True,True,synthetic_experiment_foundation,/Users/zhouning/gisdataagent/data_agent/test_data/twm_bishan_multi_admin_eval,SYN-R01,2026Q4+1,7,scenario_approve_with_conditions_1,test,approve_with_conditions,pair_0062,0.062,0.44888,0.449328,-0.046,0.095088,0.087,False,mixed_risk_condition_review,,mixed_risk_blocked_condition_review
TWM-SYN-T-0062,APR-TWM-SYN-T-0062,PRJ-TWM-SYN-T-0062,approved,0.511328,172245.348,172245.348,172245.348,SYN-R01:township_2,syn_component_r01_t07_c02,syn_component_r01_t07_c02,TWM-SYN-C-0062,TWM-SYN-C-0062,106.205,29.435,0.8,0.296,0.296,0.06,4,1,0,0,2,1,1,0,0,0.5,0.813,True,True,synthetic_experiment_foundation,/Users/zhouning/gisdataagent/data_agent/test_data/twm_bishan_multi_admin_eval,SYN-R01,2026Q4+1,7,scenario_approve_with_conditions_1,test,approve_with_conditions,pair_0062,0.062,0.44888,0.511328,-0.046,0.095088,0.087,False,mixed_risk_condition_review,,mixed_risk_blocked_condition_review
TWM-SYN-C-0063,APR-TWM-SYN-C-0063,PRJ-TWM-SYN-C-0063,in_review,0.44952,0.0,81089.947,81089.947,SYN-R01:township_0,syn_component_r01_t07_c03,syn_component_r01_t07_c03,TWM-SYN-T-0063,TWM-SYN-T-0063,106.216,29.438,0.785,0.29,0.29,0.08,4,1,0,0,2,1,1,1,0,0.5,0.75,True,True,synthetic_experiment_foundation,/Users/zhouning/gisdataagent/data_agent/test_data/twm_bishan_multi_admin_eval,SYN-R01,2026Q4+1,7,scenario_approve_with_conditions_1,test,defer_review,pair_0063,0.011,0.449,0.44952,0.02,-0.01696,0.157,False,synthetic_defer_review,,defer_review_always_review
TWM-SYN-T-0063,APR-TWM-SYN-T-0063,PRJ-TWM-SYN-T-0063,approved,0.46052,81089.947,81089.947,81089.947,SYN-R01:township_0,syn_component_r01_t07_c03,syn_component_r01_t07_c03,TWM-SYN-C-0063,TWM-SYN-C-0063,106.217,29.439,0.785,0.29,0.29,0.08,4,1,0,0,2,1,1,1,0,0.5,0.75,True,True,synthetic_experiment_foundation,/Users/zhouning/gisdataagent/data_agent/test_data/twm_bishan_multi_admin_eval,SYN-R01,2026Q4+1,7,scenario_approve_with_conditions_1,test,defer_review,pair_0063,0.011,0.449,0.46052,0.02,-0.01696,0.157,False,synthetic_defer_review,,defer_review_always_review
TWM-SYN-C-0064,APR-TWM-SYN-C-0064,PRJ-TWM-SYN-C-0064,in_review,0.459632,0.0,27520.291,27520.291,SYN-R02:township_0,syn_component_r02_t00_c00,syn_component_r02_t00_c00,TWM-SYN-T-0064,TWM-SYN-T-0064,106.36,29.3,0.77,0.224,0.224,0.04,4,1,0,0,2,0,1,0,0,0.5,0.801,True,True,synthetic_experiment_foundation,/Users/zhouning/gisdataagent/data_agent/test_data/twm_bishan_multi_admin_eval,SYN-R02,2026Q1+0,0,scenario_approve_with_conditions_0,train,protect,pair_0064,0.028,0.46232,0.459632,-0.022,0.015072,0.099,True,,,low_risk_allowed
TWM-SYN-T-0064,APR-TWM-SYN-T-0064,PRJ-TWM-SYN-T-0064,approved,0.487632,27520.291,27520.291,27520.291,SYN-R02:township_0,syn_component_r02_t00_c00,syn_component_r02_t00_c00,TWM-SYN-C-0064,TWM-SYN-C-0064,106.361,29.301,0.77,0.224,0.224,0.04,4,1,0,0,2,0,1,0,0,0.5,0.801,True,True,synthetic_experiment_foundation,/Users/zhouning/gisdataagent/data_agent/test_data/twm_bishan_multi_admin_eval,SYN-R02,2026Q1+0,0,scenario_approve_with_conditions_0,train,protect,pair_0064,0.028,0.46232,0.487632,-0.022,0.015072,0.099,True,,,low_risk_allowed
TWM-SYN-C-0065,APR-TWM-SYN-C-0065,PRJ-TWM-SYN-C-0065,in_review,0.45704,0.0,91153.657,91153.657,SYN-R02:township_1,syn_component_r02_t00_c01,syn_component_r02_t00_c01,TWM-SYN-T-0065,TWM-SYN-T-0065,106.372,29.304,0.755,0.23,0.23,0.06,4,1,0,0,2,0,1,0,0,0.5,0.796,True,True,synthetic_experiment_foundation,/Users/zhouning/gisdataagent/data_agent/test_data/twm_bishan_multi_admin_eval,SYN-R02,2026Q1+0,0,scenario_approve_with_conditions_0,train,restore,pair_0065,0.036,0.4598,0.45704,-0.016,0.02088,0.104,True,,,low_risk_allowed
TWM-SYN-T-0065,APR-TWM-SYN-T-0065,PRJ-TWM-SYN-T-0065,approved,0.49304,91153.657,91153.657,91153.657,SYN-R02:township_1,syn_component_r02_t00_c01,syn_component_r02_t00_c01,TWM-SYN-C-0065,TWM-SYN-C-0065,106.373,29.305,0.755,0.23,0.23,0.06,4,1,0,0,2,0,1,0,0,0.5,0.796,True,True,synthetic_experiment_foundation,/Users/zhouning/gisdataagent/data_agent/test_data/twm_bishan_multi_admin_eval,SYN-R02,2026Q1+0,0,scenario_approve_with_conditions_0,train,restore,pair_0065,0.036,0.4598,0.49304,-0.016,0.02088,0.104,True,,,low_risk_allowed
TWM-SYN-C-0066,APR-TWM-SYN-C-0066,PRJ-TWM-SYN-C-0066,in_review,0.457232,0.0,62602.595,62602.595,SYN-R02:township_2,syn_component_r02_t00_c02,syn_component_r02_t00_c02,TWM-SYN-T-0066,TWM-SYN-T-0066,106.384,29.308,0.74,0.224,0.224,0.08,4,1,0,0,2,0,1,1,0,0.5,0.812,True,True,synthetic_experiment_foundation,/Users/zhouning/gisdataagent/data_agent/test_data/twm_bishan_multi_admin_eval,SYN-R02,2026Q1+0,0,scenario_approve_with_conditions_0,train,approve_with_conditions,pair_0066,0.057,0.45992,0.457232,-0.044,0.090832,0.088,False,mixed_risk_condition_review,,mixed_risk_blocked_condition_review
TWM-SYN-T-0066,APR-TWM-SYN-T-0066,PRJ-TWM-SYN-T-0066,approved,0.514232,62602.595,62602.595,62602.595,SYN-R02:township_2,syn_component_r02_t00_c02,syn_component_r02_t00_c02,TWM-SYN-C-0066,TWM-SYN-C-0066,106.385,29.309,0.74,0.224,0.224,0.08,4,1,0,0,2,0,1,1,0,0.5,0.812,True,True,synthetic_experiment_foundation,/Users/zhouning/gisdataagent/data_agent/test_data/twm_bishan_multi_admin_eval,SYN-R02,2026Q1+0,0,scenario_approve_with_conditions_0,train,approve_with_conditions,pair_0066,0.057,0.45992,0.514232,-0.044,0.090832,0.088,False,mixed_risk_condition_review,,mixed_risk_blocked_condition_review
TWM-SYN-C-0067,APR-TWM-SYN-C-0067,PRJ-TWM-SYN-C-0067,in_review,0.45464,0.0,30228.639,30228.639,SYN-R02:township_0,syn_component_r02_t00_c03,syn_component_r02_t00_c03,TWM-SYN-T-0067,TWM-SYN-T-0067,106.396,29.312,0.725,0.23,0.23,0.1,4,1,0,0,2,0,1,1,0,0.5,0.75,True,True,synthetic_experiment_foundation,/Users/zhouning/gisdataagent/data_agent/test_data/twm_bishan_multi_admin_eval,SYN-R02,2026Q1+0,0,scenario_approve_with_conditions_0,train,defer_review,pair_0067,0.006,0.4574,0.45464,0.022,-0.02136,0.158,False,synthetic_defer_review,,defer_review_always_review
TWM-SYN-T-0067,APR-TWM-SYN-T-0067,PRJ-TWM-SYN-T-0067,approved,0.46064,30228.639,30228.639,30228.639,SYN-R02:township_0,syn_component_r02_t00_c03,syn_component_r02_t00_c03,TWM-SYN-C-0067,TWM-SYN-C-0067,106.397,29.313,0.725,0.23,0.23,0.1,4,1,0,0,2,0,1,1,0,0.5,0.75,True,True,synthetic_experiment_foundation,/Users/zhouning/gisdataagent/data_agent/test_data/twm_bishan_multi_admin_eval,SYN-R02,2026Q1+0,0,scenario_approve_with_conditions_0,train,defer_review,pair_0067,0.006,0.4574,0.46064,0.022,-0.02136,0.158,False,synthetic_defer_review,,defer_review_always_review
TWM-SYN-C-0068,APR-TWM-SYN-C-0068,PRJ-TWM-SYN-C-0068,in_review,0.460784,0.0,21390.051,21390.051,SYN-R02:township_0,syn_component_r02_t01_c00,syn_component_r02_t01_c00,TWM-SYN-T-0068,TWM-SYN-T-0068,106.36,29.318,0.775,0.238,0.238,0.06,4,1,0,0,2,0,1,0,0,0.5,0.819,True,True,synthetic_experiment_foundation,/Users/zhouning/gisdataagent/data_agent/test_data/twm_bishan_multi_admin_eval,SYN-R02,2026Q2+0,1,scenario_protect_1,train,protect,pair_0068,0.054,0.45964,0.460784,-0.058,0.082784,0.081,True,,,low_risk_allowed
TWM-SYN-T-0068,APR-TWM-SYN-T-0068,PRJ-TWM-SYN-T-0068,approved,0.514784,21390.051,21390.051,21390.051,SYN-R02:township_0,syn_component_r02_t01_c00,syn_component_r02_t01_c00,TWM-SYN-C-0068,TWM-SYN-C-0068,106.361,29.319,0.775,0.238,0.238,0.06,4,1,0,0,2,0,1,0,0,0.5,0.819,True,True,synthetic_experiment_foundation,/Users/zhouning/gisdataagent/data_agent/test_data/twm_bishan_multi_admin_eval,SYN-R02,2026Q2+0,1,scenario_protect_1,train,protect,pair_0068,0.054,0.45964,0.514784,-0.058,0.082784,0.081,True,,,low_risk_allowed
TWM-SYN-C-0069,APR-TWM-SYN-C-0069,PRJ-TWM-SYN-C-0069,in_review,0.458192,0.0,3907.628,3907.628,SYN-R02:township_1,syn_component_r02_t01_c01,syn_component_r02_t01_c01,TWM-SYN-T-0069,TWM-SYN-T-0069,106.372,29.322,0.76,0.244,0.244,0.08,4,1,0,0,2,0,1,1,0,0.5,0.793,True,True,synthetic_experiment_foundation,/Users/zhouning/gisdataagent/data_agent/test_data/twm_bishan_multi_admin_eval,SYN-R02,2026Q2+0,1,scenario_protect_1,train,restore,pair_0069,0.038,0.45712,0.458192,-0.016,0.022592,0.107,False,restoration_high_risk_phasing_review,,mixed_risk_restore_blocked
TWM-SYN-T-0069,APR-TWM-SYN-T-0069,PRJ-TWM-SYN-T-0069,approved,0.496192,3907.628,3907.628,3907.628,SYN-R02:township_1,syn_component_r02_t01_c01,syn_component_r02_t01_c01,TWM-SYN-C-0069,TWM-SYN-C-0069,106.373,29.323,0.76,0.244,0.244,0.08,4,1,0,0,2,0,1,1,0,0.5,0.793,True,True,synthetic_experiment_foundation,/Users/zhouning/gisdataagent/data_agent/test_data/twm_bishan_multi_admin_eval,SYN-R02,2026Q2+0,1,scenario_protect_1,train,restore,pair_0069,0.038,0.45712,0.496192,-0.016,0.022592,0.107,False,restoration_high_risk_phasing_review,,mixed_risk_restore_blocked
TWM-SYN-C-0070,APR-TWM-SYN-C-0070,PRJ-TWM-SYN-C-0070,in_review,0.458384,0.0,102978.086,102978.086,SYN-R02:township_2,syn_component_r02_t01_c02,syn_component_r02_t01_c02,TWM-SYN-T-0070,TWM-SYN-T-0070,106.384,29.326,0.745,0.238,0.238,0.1,4,1,0,0,2,0,1,1,0,0.5,0.788,True,True,synthetic_experiment_foundation,/Users/zhouning/gisdataagent/data_agent/test_data/twm_bishan_multi_admin_eval,SYN-R02,2026Q2+0,1,scenario_protect_1,train,approve_with_conditions,pair_0070,0.035,0.45724,0.458384,-0.008,0.026544,0.112,True,,,low_risk_allowed
TWM-SYN-T-0070,APR-TWM-SYN-T-0070,PRJ-TWM-SYN-T-0070,approved,0.493384,102978.086,102978.086,102978.086,SYN-R02:township_2,syn_component_r02_t01_c02,syn_component_r02_t01_c02,TWM-SYN-C-0070,TWM-SYN-C-0070,106.385,29.327,0.745,0.238,0.238,0.1,4,1,0,0,2,0,1,1,0,0.5,0.788,True,True,synthetic_experiment_foundation,/Users/zhouning/gisdataagent/data_agent/test_data/twm_bishan_multi_admin_eval,SYN-R02,2026Q2+0,1,scenario_protect_1,train,approve_with_conditions,pair_0070,0.035,0.45724,0.493384,-0.008,0.026544,0.112,True,,,low_risk_allowed
TWM-SYN-C-0071,APR-TWM-SYN-C-0071,PRJ-TWM-SYN-C-0071,in_review,0.455792,0.0,100123.475,100123.475,SYN-R02:township_0,syn_component_r02_t01_c03,syn_component_r02_t01_c03,TWM-SYN-T-0071,TWM-SYN-T-0071,106.396,29.33,0.73,0.244,0.244,0.04,4,1,0,0,2,0,1,0,0,0.5,0.75,True,True,synthetic_experiment_foundation,/Users/zhouning/gisdataagent/data_agent/test_data/twm_bishan_multi_admin_eval,SYN-R02,2026Q2+0,1,scenario_protect_1,train,defer_review,pair_0071,0.008,0.45472,0.455792,0.022,-0.019168,0.161,False,synthetic_defer_review,,defer_review_always_review
TWM-SYN-T-0071,APR-TWM-SYN-T-0071,PRJ-TWM-SYN-T-0071,approved,0.463792,100123.475,100123.475,100123.475,SYN-R02:township_0,syn_component_r02_t01_c03,syn_component_r02_t01_c03,TWM-SYN-C-0071,TWM-SYN-C-0071,106.397,29.331,0.73,0.244,0.244,0.04,4,1,0,0,2,0,1,0,0,0.5,0.75,True,True,synthetic_experiment_foundation,/Users/zhouning/gisdataagent/data_agent/test_data/twm_bishan_multi_admin_eval,SYN-R02,2026Q2+0,1,scenario_protect_1,train,defer_review,pair_0071,0.008,0.45472,0.463792,0.022,-0.019168,0.161,False,synthetic_defer_review,,defer_review_always_review
TWM-SYN-C-0072,APR-TWM-SYN-C-0072,PRJ-TWM-SYN-C-0072,in_review,0.461936,0.0,37445.295,37445.295,SYN-R02:township_0,syn_component_r02_t02_c00,syn_component_r02_t02_c00,TWM-SYN-T-0072,TWM-SYN-T-0072,106.36,29.336,0.78,0.252,0.252,0.08,4,1,0,0,2,0,1,1,0,0.5,0.795,True,True,synthetic_experiment_foundation,/Users/zhouning/gisdataagent/data_agent/test_data/twm_bishan_multi_admin_eval,SYN-R02,2026Q3+0,2,scenario_restore_2,train,protect,pair_0072,0.028,0.45696,0.461936,-0.022,0.014496,0.105,False,protection_boundary_conflict_review,,mixed_risk_protect_blocked
TWM-SYN-T-0072,APR-TWM-SYN-T-0072,PRJ-TWM-SYN-T-0072,approved,0.489936,37445.295,37445.295,37445.295,SYN-R02:township_0,syn_component_r02_t02_c00,syn_component_r02_t02_c00,TWM-SYN-C-0072,TWM-SYN-C-0072,106.361,29.337,0.78,0.252,0.252,0.08,4,1,0,0,2,0,1,1,0,0.5,0.795,True,True,synthetic_experiment_foundation,/Users/zhouning/gisdataagent/data_agent/test_data/twm_bishan_multi_admin_eval,SYN-R02,2026Q3+0,2,scenario_restore_2,train,protect,pair_0072,0.028,0.45696,0.489936,-0.022,0.014496,0.105,False,protection_boundary_conflict_review,,mixed_risk_protect_blocked
TWM-SYN-C-0073,APR-TWM-SYN-C-0073,PRJ-TWM-SYN-C-0073,in_review,0.435216,0.0,175584.663,175584.663,SYN-R02:township_1,syn_component_r02_t02_c01,syn_component_r02_t02_c01,TWM-SYN-T-0073,TWM-SYN-T-0073,106.372,29.34,0.765,0.362,0.362,0.1,4,1,0,1,2,0,1,1,0,0.5,0.811,True,True,synthetic_experiment_foundation,/Users/zhouning/gisdataagent/data_agent/test_data/twm_bishan_multi_admin_eval,SYN-R02,2026Q3+0,2,scenario_restore_2,train,restore,pair_0073,0.06,0.43156,0.435216,-0.052,0.085056,0.089,True,,,mixed_risk_restore_allowed
TWM-SYN-T-0073,APR-TWM-SYN-T-0073,PRJ-TWM-SYN-T-0073,approved,0.495216,175584.663,175584.663,175584.663,SYN-R02:township_1,syn_component_r02_t02_c01,syn_component_r02_t02_c01,TWM-SYN-C-0073,TWM-SYN-C-0073,106.373,29.341,0.765,0.362,0.362,0.1,4,1,0,1,2,0,1,1,0,0.5,0.811,True,True,synthetic_experiment_foundation,/Users/zhouning/gisdataagent/data_agent/test_data/twm_bishan_multi_admin_eval,SYN-R02,2026Q3+0,2,scenario_restore_2,train,restore,pair_0073,0.06,0.43156,0.495216,-0.052,0.085056,0.089,True,,,mixed_risk_restore_allowed
TWM-SYN-C-0074,APR-TWM-SYN-C-0074,PRJ-TWM-SYN-C-0074,in_review,0.459536,0.0,100983.382,100983.382,SYN-R02:township_2,syn_component_r02_t02_c02,syn_component_r02_t02_c02,TWM-SYN-T-0074,TWM-SYN-T-0074,106.384,29.344,0.75,0.252,0.252,0.04,4,1,0,0,2,0,1,0,0,0.5,0.785,True,True,synthetic_experiment_foundation,/Users/zhouning/gisdataagent/data_agent/test_data/twm_bishan_multi_admin_eval,SYN-R02,2026Q3+0,2,scenario_restore_2,train,approve_with_conditions,pair_0074,0.033,0.45456,0.459536,-0.008,0.024736,0.115,False,mixed_risk_condition_review,,mixed_risk_blocked_condition_review
TWM-SYN-T-0074,APR-TWM-SYN-T-0074,PRJ-TWM-SYN-T-0074,approved,0.492536,100983.382,100983.382,100983.382,SYN-R02:township_2,syn_component_r02_t02_c02,syn_component_r02_t02_c02,TWM-SYN-C-0074,TWM-SYN-C-0074,106.385,29.345,0.75,0.252,0.252,0.04,4,1,0,0,2,0,1,0,0,0.5,0.785,True,True,synthetic_experiment_foundation,/Users/zhouning/gisdataagent/data_agent/test_data/twm_bishan_multi_admin_eval,SYN-R02,2026Q3+0,2,scenario_restore_2,train,approve_with_conditions,pair_0074,0.033,0.45456,0.492536,-0.008,0.024736,0.115,False,mixed_risk_condition_review,,mixed_risk_blocked_condition_review
TWM-SYN-C-0075,APR-TWM-SYN-C-0075,PRJ-TWM-SYN-C-0075,in_review,0.456944,0.0,50798.561,50798.561,SYN-R02:township_0,syn_component_r02_t02_c03,syn_component_r02_t02_c03,TWM-SYN-T-0075,TWM-SYN-T-0075,106.396,29.348,0.735,0.258,0.258,0.06,4,1,0,0,2,0,1,0,0,0.5,0.75,True,True,synthetic_experiment_foundation,/Users/zhouning/gisdataagent/data_agent/test_data/twm_bishan_multi_admin_eval,SYN-R02,2026Q3+0,2,scenario_restore_2,train,defer_review,pair_0075,0.006,0.45204,0.456944,0.022,-0.021456,0.164,False,synthetic_defer_review,,defer_review_always_review
TWM-SYN-T-0075,APR-TWM-SYN-T-0075,PRJ-TWM-SYN-T-0075,approved,0.462944,50798.561,50798.561,50798.561,SYN-R02:township_0,syn_component_r02_t02_c03,syn_component_r02_t02_c03,TWM-SYN-C-0075,TWM-SYN-C-0075,106.397,29.349,0.735,0.258,0.258,0.06,4,1,0,0,2,0,1,0,0,0.5,0.75,True,True,synthetic_experiment_foundation,/Users/zhouning/gisdataagent/data_agent/test_data/twm_bishan_multi_admin_eval,SYN-R02,2026Q3+0,2,scenario_restore_2,train,defer_review,pair_0075,0.006,0.45204,0.462944,0.022,-0.021456,0.164,False,synthetic_defer_review,,defer_review_always_review
TWM-SYN-C-0076,APR-TWM-SYN-C-0076,PRJ-TWM-SYN-C-0076,in_review,0.435776,0.0,25228.856,25228.856,SYN-R02:township_0,syn_component_r02_t03_c00,syn_component_r02_t03_c00,TWM-SYN-T-0076,TWM-SYN-T-0076,106.36,29.354,0.785,0.332,0.332,0.1,4,1,0,0,2,0,1,1,0,0.5,0.801,True,True,synthetic_experiment_foundation,/Users/zhouning/gisdataagent/data_agent/test_data/twm_bishan_multi_admin_eval,SYN-R02,2026Q4+0,3,scenario_approve_with_conditions_0,train,protect,pair_0076,0.03,0.43976,0.435776,-0.022,0.015416,0.099,True,,,mixed_risk_protect_allowed
TWM-SYN-T-0076,APR-TWM-SYN-T-0076,PRJ-TWM-SYN-T-0076,approved,0.465776,25228.856,25228.856,25228.856,SYN-R02:township_0,syn_component_r02_t03_c00,syn_component_r02_t03_c00,TWM-SYN-C-0076,TWM-SYN-C-0076,106.361,29.355,0.785,0.332,0.332,0.1,4,1,0,0,2,0,1,1,0,0.5,0.801,True,True,synthetic_experiment_foundation,/Users/zhouning/gisdataagent/data_agent/test_data/twm_bishan_multi_admin_eval,SYN-R02,2026Q4+0,3,scenario_approve_with_conditions_0,train,protect,pair_0076,0.03,0.43976,0.465776,-0.022,0.015416,0.099,True,,,mixed_risk_protect_allowed
TWM-SYN-C-0077,APR-TWM-SYN-C-0077,PRJ-TWM-SYN-C-0077,in_review,0.435968,0.0,10877.119,10877.119,SYN-R02:township_1,syn_component_r02_t03_c01,syn_component_r02_t03_c01,TWM-SYN-T-0077,TWM-SYN-T-0077,106.372,29.358,0.77,0.326,0.326,0.04,4,1,0,0,2,0,1,0,0,0.5,0.796,True,True,synthetic_experiment_foundation,/Users/zhouning/gisdataagent/data_agent/test_data/twm_bishan_multi_admin_eval,SYN-R02,2026Q4+0,3,scenario_approve_with_conditions_0,train,restore,pair_0077,0.038,0.43988,0.435968,-0.016,0.021848,0.104,True,,,mixed_risk_restore_allowed
TWM-SYN-T-0077,APR-TWM-SYN-T-0077,PRJ-TWM-SYN-T-0077,approved,0.473968,10877.119,10877.119,10877.119,SYN-R02:township_1,syn_component_r02_t03_c01,syn_component_r02_t03_c01,TWM-SYN-C-0077,TWM-SYN-C-0077,106.373,29.359,0.77,0.326,0.326,0.04,4,1,0,0,2,0,1,0,0,0.5,0.796,True,True,synthetic_experiment_foundation,/Users/zhouning/gisdataagent/data_agent/test_data/twm_bishan_multi_admin_eval,SYN-R02,2026Q4+0,3,scenario_approve_with_conditions_0,train,restore,pair_0077,0.038,0.43988,0.473968,-0.016,0.021848,0.104,True,,,mixed_risk_restore_allowed
TWM-SYN-C-0078,APR-TWM-SYN-C-0078,PRJ-TWM-SYN-C-0078,in_review,0.428272,0.0,179653.75,179653.75,SYN-R02:township_2,syn_component_r02_t03_c02,syn_component_r02_t03_c02,TWM-SYN-T-0078,TWM-SYN-T-0078,106.384,29.362,0.755,0.354,0.354,0.06,4,1,0,1,2,0,1,0,0,0.5,0.812,True,True,synthetic_experiment_foundation,/Users/zhouning/gisdataagent/data_agent/test_data/twm_bishan_multi_admin_eval,SYN-R02,2026Q4+0,3,scenario_approve_with_conditions_0,train,approve_with_conditions,pair_0078,0.059,0.43252,0.428272,-0.044,0.091392,0.088,True,conditional_approval_monitoring,,mixed_risk_allowed_with_conditions
TWM-SYN-T-0078,APR-TWM-SYN-T-0078,PRJ-TWM-SYN-T-0078,approved,0.487272,179653.75,179653.75,179653.75,SYN-R02:township_2,syn_component_r02_t03_c02,syn_component_r02_t03_c02,TWM-SYN-C-0078,TWM-SYN-C-0078,106.385,29.363,0.755,0.354,0.354,0.06,4,1,0,1,2,0,1,0,0,0.5,0.812,True,True,synthetic_experiment_foundation,/Users/zhouning/gisdataagent/data_agent/test_data/twm_bishan_multi_admin_eval,SYN-R02,2026Q4+0,3,scenario_approve_with_conditions_0,train,approve_with_conditions,pair_0078,0.059,0.43252,0.487272,-0.044,0.091392,0.088,True,conditional_approval_monitoring,,mixed_risk_allowed_with_conditions
TWM-SYN-C-0079,APR-TWM-SYN-C-0079,PRJ-TWM-SYN-C-0079,in_review,0.446096,0.0,28795.993,28795.993,SYN-R02:township_0,syn_component_r02_t03_c03,syn_component_r02_t03_c03,TWM-SYN-T-0079,TWM-SYN-T-0079,106.396,29.366,0.74,0.272,0.272,0.08,4,1,0,0,2,0,1,1,0,0.5,0.75,True,True,synthetic_experiment_foundation,/Users/zhouning/gisdataagent/data_agent/test_data/twm_bishan_multi_admin_eval,SYN-R02,2026Q4+0,3,scenario_approve_with_conditions_0,train,defer_review,pair_0079,0.008,0.44936,0.446096,0.022,-0.019744,0.158,False,synthetic_defer_review,,defer_review_always_review
TWM-SYN-T-0079,APR-TWM-SYN-T-0079,PRJ-TWM-SYN-T-0079,approved,0.454096,28795.993,28795.993,28795.993,SYN-R02:township_0,syn_component_r02_t03_c03,syn_component_r02_t03_c03,TWM-SYN-C-0079,TWM-SYN-C-0079,106.397,29.367,0.74,0.272,0.272,0.08,4,1,0,0,2,0,1,1,0,0.5,0.75,True,True,synthetic_experiment_foundation,/Users/zhouning/gisdataagent/data_agent/test_data/twm_bishan_multi_admin_eval,SYN-R02,2026Q4+0,3,scenario_approve_with_conditions_0,train,defer_review,pair_0079,0.008,0.44936,0.454096,0.022,-0.019744,0.158,False,synthetic_defer_review,,defer_review_always_review
TWM-SYN-C-0080,APR-TWM-SYN-C-0080,PRJ-TWM-SYN-C-0080,in_review,0.45224,0.0,25769.477,25769.477,SYN-R02:township_0,syn_component_r02_t04_c00,syn_component_r02_t04_c00,TWM-SYN-T-0080,TWM-SYN-T-0080,106.36,29.372,0.79,0.28,0.28,0.04,4,1,0,0,2,0,1,0,0,0.5,0.819,True,True,synthetic_experiment_foundation,/Users/zhouning/gisdataagent/data_agent/test_data/twm_bishan_multi_admin_eval,SYN-R02,2026Q1+1,4,scenario_protect_1,validation,protect,pair_0080,0.052,0.4516,0.45224,-0.058,0.0804,0.081,True,,,low_risk_allowed
TWM-SYN-T-0080,APR-TWM-SYN-T-0080,PRJ-TWM-SYN-T-0080,approved,0.50424,25769.477,25769.477,25769.477,SYN-R02:township_0,syn_component_r02_t04_c00,syn_component_r02_t04_c00,TWM-SYN-C-0080,TWM-SYN-C-0080,106.361,29.373,0.79,0.28,0.28,0.04,4,1,0,0,2,0,1,0,0,0.5,0.819,True,True,synthetic_experiment_foundation,/Users/zhouning/gisdataagent/data_agent/test_data/twm_bishan_multi_admin_eval,SYN-R02,2026Q1+1,4,scenario_protect_1,validation,protect,pair_0080,0.052,0.4516,0.50424,-0.058,0.0804,0.081,True,,,low_risk_allowed
TWM-SYN-C-0081,APR-TWM-SYN-C-0081,PRJ-TWM-SYN-C-0081,in_review,0.449648,0.0,71799.969,71799.969,SYN-R02:township_1,syn_component_r02_t04_c01,syn_component_r02_t04_c01,TWM-SYN-T-0081,TWM-SYN-T-0081,106.372,29.376,0.775,0.286,0.286,0.06,4,1,0,0,2,0,1,0,0,0.5,0.793,True,True,synthetic_experiment_foundation,/Users/zhouning/gisdataagent/data_agent/test_data/twm_bishan_multi_admin_eval,SYN-R02,2026Q1+1,4,scenario_protect_1,validation,restore,pair_0081,0.036,0.44908,0.449648,-0.016,0.020208,0.107,False,restoration_high_risk_phasing_review,,mixed_risk_restore_blocked
TWM-SYN-T-0081,APR-TWM-SYN-T-0081,PRJ-TWM-SYN-T-0081,approved,0.485648,71799.969,71799.969,71799.969,SYN-R02:township_1,syn_component_r02_t04_c01,syn_component_r02_t04_c01,TWM-SYN-C-0081,TWM-SYN-C-0081,106.373,29.377,0.775,0.286,0.286,0.06,4,1,0,0,2,0,1,0,0,0.5,0.793,True,True,synthetic_experiment_foundation,/Users/zhouning/gisdataagent/data_agent/test_data/twm_bishan_multi_admin_eval,SYN-R02,2026Q1+1,4,scenario_protect_1,validation,restore,pair_0081,0.036,0.44908,0.485648,-0.016,0.020208,0.107,False,restoration_high_risk_phasing_review,,mixed_risk_restore_blocked
TWM-SYN-C-0082,APR-TWM-SYN-C-0082,PRJ-TWM-SYN-C-0082,in_review,0.44984,0.0,179653.75,179653.75,SYN-R02:township_2,syn_component_r02_t04_c02,syn_component_r02_t04_c02,TWM-SYN-T-0082,TWM-SYN-T-0082,106.384,29.38,0.76,0.28,0.28,0.08,4,1,0,0,2,0,1,1,0,0.5,0.788,True,True,synthetic_experiment_foundation,/Users/zhouning/gisdataagent/data_agent/test_data/twm_bishan_multi_admin_eval,SYN-R02,2026Q1+1,4,scenario_protect_1,validation,approve_with_conditions,pair_0082,0.033,0.4492,0.44984,-0.008,0.02416,0.112,False,mixed_risk_condition_review,,mixed_risk_blocked_condition_review
TWM-SYN-T-0082,APR-TWM-SYN-T-0082,PRJ-TWM-SYN-T-0082,approved,0.48284,179653.75,179653.75,179653.75,SYN-R02:township_2,syn_component_r02_t04_c02,syn_component_r02_t04_c02,TWM-SYN-C-0082,TWM-SYN-C-0082,106.385,29.381,0.76,0.28,0.28,0.08,4,1,0,0,2,0,1,1,0,0.5,0.788,True,True,synthetic_experiment_foundation,/Users/zhouning/gisdataagent/data_agent/test_data/twm_bishan_multi_admin_eval,SYN-R02,2026Q1+1,4,scenario_protect_1,validation,approve_with_conditions,pair_0082,0.033,0.4492,0.48284,-0.008,0.02416,0.112,False,mixed_risk_condition_review,,mixed_risk_blocked_condition_review
TWM-SYN-C-0083,APR-TWM-SYN-C-0083,PRJ-TWM-SYN-C-0083,in_review,0.447248,0.0,84504.261,84504.261,SYN-R02:township_0,syn_component_r02_t04_c03,syn_component_r02_t04_c03,TWM-SYN-T-0083,TWM-SYN-T-0083,106.396,29.384,0.745,0.286,0.286,0.1,4,1,0,0,2,0,1,1,0,0.5,0.75,True,True,synthetic_experiment_foundation,/Users/zhouning/gisdataagent/data_agent/test_data/twm_bishan_multi_admin_eval,SYN-R02,2026Q1+1,4,scenario_protect_1,validation,defer_review,pair_0083,0.006,0.44668,0.447248,0.022,-0.022032,0.161,False,synthetic_defer_review,,defer_review_always_review
TWM-SYN-T-0083,APR-TWM-SYN-T-0083,PRJ-TWM-SYN-T-0083,approved,0.453248,84504.261,84504.261,84504.261,SYN-R02:township_0,syn_component_r02_t04_c03,syn_component_r02_t04_c03,TWM-SYN-C-0083,TWM-SYN-C-0083,106.397,29.385,0.745,0.286,0.286,0.1,4,1,0,0,2,0,1,1,0,0.5,0.75,True,True,synthetic_experiment_foundation,/Users/zhouning/gisdataagent/data_agent/test_data/twm_bishan_multi_admin_eval,SYN-R02,2026Q1+1,4,scenario_protect_1,validation,defer_review,pair_0083,0.006,0.44668,0.453248,0.022,-0.022032,0.161,False,synthetic_defer_review,,defer_review_always_review
TWM-SYN-C-0084,APR-TWM-SYN-C-0084,PRJ-TWM-SYN-C-0084,in_review,0.453392,0.0,17498.488,17498.488,SYN-R02:township_0,syn_component_r02_t05_c00,syn_component_r02_t05_c00,TWM-SYN-T-0084,TWM-SYN-T-0084,106.36,29.39,0.795,0.294,0.294,0.06,4,1,0,0,2,0,1,0,0,0.5,0.795,True,True,synthetic_experiment_foundation,/Users/zhouning/gisdataagent/data_agent/test_data/twm_bishan_multi_admin_eval,SYN-R02,2026Q2+1,5,scenario_restore_2,validation,protect,pair_0084,0.03,0.44892,0.453392,-0.022,0.016112,0.105,False,protection_boundary_conflict_review,,mixed_risk_protect_blocked
TWM-SYN-T-0084,APR-TWM-SYN-T-0084,PRJ-TWM-SYN-T-0084,approved,0.483392,17498.488,17498.488,17498.488,SYN-R02:township_0,syn_component_r02_t05_c00,syn_component_r02_t05_c00,TWM-SYN-C-0084,TWM-SYN-C-0084,106.361,29.391,0.795,0.294,0.294,0.06,4,1,0,0,2,0,1,0,0,0.5,0.795,True,True,synthetic_experiment_foundation,/Users/zhouning/gisdataagent/data_agent/test_data/twm_bishan_multi_admin_eval,SYN-R02,2026Q2+1,5,scenario_restore_2,validation,protect,pair_0084,0.03,0.44892,0.483392,-0.022,0.016112,0.105,False,protection_boundary_conflict_review,,mixed_risk_protect_blocked
TWM-SYN-C-0085,APR-TWM-SYN-C-0085,PRJ-TWM-SYN-C-0085,in_review,0.4508,0.0,27215.798,27215.798,SYN-R02:township_1,syn_component_r02_t05_c01,syn_component_r02_t05_c01,TWM-SYN-T-0085,TWM-SYN-T-0085,106.372,29.394,0.78,0.3,0.3,0.08,4,1,0,0,2,0,1,1,0,0.5,0.811,True,True,synthetic_experiment_foundation,/Users/zhouning/gisdataagent/data_agent/test_data/twm_bishan_multi_admin_eval,SYN-R02,2026Q2+1,5,scenario_restore_2,validation,restore,pair_0085,0.062,0.4464,0.4508,-0.052,0.08792,0.089,True,,,low_risk_allowed
TWM-SYN-T-0085,APR-TWM-SYN-T-0085,PRJ-TWM-SYN-T-0085,approved,0.5128,27215.798,27215.798,27215.798,SYN-R02:township_1,syn_component_r02_t05_c01,syn_component_r02_t05_c01,TWM-SYN-C-0085,TWM-SYN-C-0085,106.373,29.395,0.78,0.3,0.3,0.08,4,1,0,0,2,0,1,1,0,0.5,0.811,True,True,synthetic_experiment_foundation,/Users/zhouning/gisdataagent/data_agent/test_data/twm_bishan_multi_admin_eval,SYN-R02,2026Q2+1,5,scenario_restore_2,validation,restore,pair_0085,0.062,0.4464,0.5128,-0.052,0.08792,0.089,True,,,low_risk_allowed
TWM-SYN-C-0086,APR-TWM-SYN-C-0086,PRJ-TWM-SYN-C-0086,in_review,0.450992,0.0,86479.266,86479.266,SYN-R02:township_2,syn_component_r02_t05_c02,syn_component_r02_t05_c02,TWM-SYN-T-0086,TWM-SYN-T-0086,106.384,29.398,0.765,0.294,0.294,0.1,4,1,0,0,2,0,1,1,0,0.5,0.785,True,True,synthetic_experiment_foundation,/Users/zhouning/gisdataagent/data_agent/test_data/twm_bishan_multi_admin_eval,SYN-R02,2026Q2+1,5,scenario_restore_2,validation,approve_with_conditions,pair_0086,0.035,0.44652,0.450992,-0.008,0.025872,0.115,True,conditional_approval_monitoring,,mixed_risk_allowed_with_conditions
TWM-SYN-T-0086,APR-TWM-SYN-T-0086,PRJ-TWM-SYN-T-0086,approved,0.485992,86479.266,86479.266,86479.266,SYN-R02:township_2,syn_component_r02_t05_c02,syn_component_r02_t05_c02,TWM-SYN-C-0086,TWM-SYN-C-0086,106.385,29.399,0.765,0.294,0.294,0.1,4,1,0,0,2,0,1,1,0,0.5,0.785,True,True,synthetic_experiment_foundation,/Users/zhouning/gisdataagent/data_agent/test_data/twm_bishan_multi_admin_eval,SYN-R02,2026Q2+1,5,scenario_restore_2,validation,approve_with_conditions,pair_0086,0.035,0.44652,0.485992,-0.008,0.025872,0.115,True,conditional_approval_monitoring,,mixed_risk_allowed_with_conditions
TWM-SYN-C-0087,APR-TWM-SYN-C-0087,PRJ-TWM-SYN-C-0087,in_review,0.4484,0.0,33869.144,33869.144,SYN-R02:township_0,syn_component_r02_t05_c03,syn_component_r02_t05_c03,TWM-SYN-T-0087,TWM-SYN-T-0087,106.396,29.402,0.75,0.3,0.3,0.04,4,1,0,0,2,0,1,0,0,0.5,0.75,True,True,synthetic_experiment_foundation,/Users/zhouning/gisdataagent/data_agent/test_data/twm_bishan_multi_admin_eval,SYN-R02,2026Q2+1,5,scenario_restore_2,validation,defer_review,pair_0087,0.008,0.444,0.4484,0.022,-0.01984,0.164,False,synthetic_defer_review,,defer_review_always_review
TWM-SYN-T-0087,APR-TWM-SYN-T-0087,PRJ-TWM-SYN-T-0087,approved,0.4564,33869.144,33869.144,33869.144,SYN-R02:township_0,syn_component_r02_t05_c03,syn_component_r02_t05_c03,TWM-SYN-C-0087,TWM-SYN-C-0087,106.397,29.403,0.75,0.3,0.3,0.04,4,1,0,0,2,0,1,0,0,0.5,0.75,True,True,synthetic_experiment_foundation,/Users/zhouning/gisdataagent/data_agent/test_data/twm_bishan_multi_admin_eval,SYN-R02,2026Q2+1,5,scenario_restore_2,validation,defer_review,pair_0087,0.008,0.444,0.4564,0.022,-0.01984,0.164,False,synthetic_defer_review,,defer_review_always_review
TWM-SYN-C-0088,APR-TWM-SYN-C-0088,PRJ-TWM-SYN-C-0088,in_review,0.442544,0.0,38854.32,38854.32,SYN-R02:township_0,syn_component_r02_t06_c00,syn_component_r02_t06_c00,TWM-SYN-T-0088,TWM-SYN-T-0088,106.36,29.408,0.8,0.308,0.308,0.08,4,1,0,0,2,1,1,1,0,0.5,0.801,True,True,synthetic_experiment_foundation,/Users/zhouning/gisdataagent/data_agent/test_data/twm_bishan_multi_admin_eval,SYN-R02,2026Q3+1,6,scenario_approve_with_conditions_0,test,protect,pair_0088,0.028,0.44624,0.442544,-0.022,0.013824,0.099,True,,,mixed_risk_protect_allowed
TWM-SYN-T-0088,APR-TWM-SYN-T-0088,PRJ-TWM-SYN-T-0088,approved,0.470544,38854.32,38854.32,38854.32,SYN-R02:township_0,syn_component_r02_t06_c00,syn_component_r02_t06_c00,TWM-SYN-C-0088,TWM-SYN-C-0088,106.361,29.409,0.8,0.308,0.308,0.08,4,1,0,0,2,1,1,1,0,0.5,0.801,True,True,synthetic_experiment_foundation,/Users/zhouning/gisdataagent/data_agent/test_data/twm_bishan_multi_admin_eval,SYN-R02,2026Q3+1,6,scenario_approve_with_conditions_0,test,protect,pair_0088,0.028,0.44624,0.470544,-0.022,0.013824,0.099,True,,,mixed_risk_protect_allowed
TWM-SYN-C-0089,APR-TWM-SYN-C-0089,PRJ-TWM-SYN-C-0089,in_review,0.439952,0.0,139305.486,139305.486,SYN-R02:township_1,syn_component_r02_t06_c01,syn_component_r02_t06_c01,TWM-SYN-T-0089,TWM-SYN-T-0089,106.372,29.412,0.785,0.314,0.314,0.1,4,1,0,0,2,1,1,1,0,0.5,0.796,True,True,synthetic_experiment_foundation,/Users/zhouning/gisdataagent/data_agent/test_data/twm_bishan_multi_admin_eval,SYN-R02,2026Q3+1,6,scenario_approve_with_conditions_0,test,restore,pair_0089,0.036,0.44372,0.439952,-0.016,0.019632,0.104,True,,,mixed_risk_restore_allowed
TWM-SYN-T-0089,APR-TWM-SYN-T-0089,PRJ-TWM-SYN-T-0089,approved,0.475952,139305.486,139305.486,139305.486,SYN-R02:township_1,syn_component_r02_t06_c01,syn_component_r02_t06_c01,TWM-SYN-C-0089,TWM-SYN-C-0089,106.373,29.413,0.785,0.314,0.314,0.1,4,1,0,0,2,1,1,1,0,0.5,0.796,True,True,synthetic_experiment_foundation,/Users/zhouning/gisdataagent/data_agent/test_data/twm_bishan_multi_admin_eval,SYN-R02,2026Q3+1,6,scenario_approve_with_conditions_0,test,restore,pair_0089,0.036,0.44372,0.475952,-0.016,0.019632,0.104,True,,,mixed_risk_restore_allowed
TWM-SYN-C-0090,APR-TWM-SYN-C-0090,PRJ-TWM-SYN-C-0090,in_review,0.440144,0.0,85359.254,85359.254,SYN-R02:township_2,syn_component_r02_t06_c02,syn_component_r02_t06_c02,TWM-SYN-T-0090,TWM-SYN-T-0090,106.384,29.416,0.77,0.308,0.308,0.04,4,1,0,0,2,1,1,0,0,0.5,0.812,True,True,synthetic_experiment_foundation,/Users/zhouning/gisdataagent/data_agent/test_data/twm_bishan_multi_admin_eval,SYN-R02,2026Q3+1,6,scenario_approve_with_conditions_0,test,approve_with_conditions,pair_0090,0.057,0.44384,0.440144,-0.044,0.090064,0.088,False,mixed_risk_condition_review,,mixed_risk_blocked_condition_review
TWM-SYN-T-0090,APR-TWM-SYN-T-0090,PRJ-TWM-SYN-T-0090,approved,0.497144,85359.254,85359.254,85359.254,SYN-R02:township_2,syn_component_r02_t06_c02,syn_component_r02_t06_c02,TWM-SYN-C-0090,TWM-SYN-C-0090,106.385,29.417,0.77,0.308,0.308,0.04,4,1,0,0,2,1,1,0,0,0.5,0.812,True,True,synthetic_experiment_foundation,/Users/zhouning/gisdataagent/data_agent/test_data/twm_bishan_multi_admin_eval,SYN-R02,2026Q3+1,6,scenario_approve_with_conditions_0,test,approve_with_conditions,pair_0090,0.057,0.44384,0.497144,-0.044,0.090064,0.088,False,mixed_risk_condition_review,,mixed_risk_blocked_condition_review
TWM-SYN-C-0091,APR-TWM-SYN-C-0091,PRJ-TWM-SYN-C-0091,in_review,0.437552,0.0,183357.951,183357.951,SYN-R02:township_0,syn_component_r02_t06_c03,syn_component_r02_t06_c03,TWM-SYN-T-0091,TWM-SYN-T-0091,106.396,29.42,0.755,0.314,0.314,0.06,4,1,0,0,2,1,1,0,0,0.5,0.75,True,True,synthetic_experiment_foundation,/Users/zhouning/gisdataagent/data_agent/test_data/twm_bishan_multi_admin_eval,SYN-R02,2026Q3+1,6,scenario_approve_with_conditions_0,test,defer_review,pair_0091,0.006,0.44132,0.437552,0.022,-0.022128,0.158,False,synthetic_defer_review,,defer_review_always_review
TWM-SYN-T-0091,APR-TWM-SYN-T-0091,PRJ-TWM-SYN-T-0091,approved,0.443552,183357.951,183357.951,183357.951,SYN-R02:township_0,syn_component_r02_t06_c03,syn_component_r02_t06_c03,TWM-SYN-C-0091,TWM-SYN-C-0091,106.397,29.421,0.755,0.314,0.314,0.06,4,1,0,0,2,1,1,0,0,0.5,0.75,True,True,synthetic_experiment_foundation,/Users/zhouning/gisdataagent/data_agent/test_data/twm_bishan_multi_admin_eval,SYN-R02,2026Q3+1,6,scenario_approve_with_conditions_0,test,defer_review,pair_0091,0.006,0.44132,0.443552,0.022,-0.022128,0.158,False,synthetic_defer_review,,defer_review_always_review
TWM-SYN-C-0092,APR-TWM-SYN-C-0092,PRJ-TWM-SYN-C-0092,in_review,0.443696,0.0,172245.348,172245.348,SYN-R02:township_0,syn_component_r02_t07_c00,syn_component_r02_t07_c00,TWM-SYN-T-0092,TWM-SYN-T-0092,106.36,29.426,0.805,0.322,0.322,0.1,4,1,0,0,2,1,1,1,0,0.5,0.819,True,True,synthetic_experiment_foundation,/Users/zhouning/gisdataagent/data_agent/test_data/twm_bishan_multi_admin_eval,SYN-R02,2026Q4+1,7,scenario_protect_1,test,protect,pair_0092,0.054,0.44356,0.443696,-0.058,0.081536,0.081,True,,,low_risk_allowed
TWM-SYN-T-0092,APR-TWM-SYN-T-0092,PRJ-TWM-SYN-T-0092,approved,0.497696,172245.348,172245.348,172245.348,SYN-R02:township_0,syn_component_r02_t07_c00,syn_component_r02_t07_c00,TWM-SYN-C-0092,TWM-SYN-C-0092,106.361,29.427,0.805,0.322,0.322,0.1,4,1,0,0,2,1,1,1,0,0.5,0.819,True,True,synthetic_experiment_foundation,/Users/zhouning/gisdataagent/data_agent/test_data/twm_bishan_multi_admin_eval,SYN-R02,2026Q4+1,7,scenario_protect_1,test,protect,pair_0092,0.054,0.44356,0.497696,-0.058,0.081536,0.081,True,,,low_risk_allowed
TWM-SYN-C-0093,APR-TWM-SYN-C-0093,PRJ-TWM-SYN-C-0093,in_review,0.441104,0.0,81089.947,81089.947,SYN-R02:township_1,syn_component_r02_t07_c01,syn_component_r02_t07_c01,TWM-SYN-T-0093,TWM-SYN-T-0093,106.372,29.43,0.79,0.328,0.328,0.04,4,1,0,0,2,1,1,0,0,0.5,0.793,True,True,synthetic_experiment_foundation,/Users/zhouning/gisdataagent/data_agent/test_data/twm_bishan_multi_admin_eval,SYN-R02,2026Q4+1,7,scenario_protect_1,test,restore,pair_0093,0.038,0.44104,0.441104,-0.016,0.021824,0.107,False,restoration_high_risk_phasing_review,,mixed_risk_restore_blocked
TWM-SYN-T-0093,APR-TWM-SYN-T-0093,PRJ-TWM-SYN-T-0093,approved,0.479104,81089.947,81089.947,81089.947,SYN-R02:township_1,syn_component_r02_t07_c01,syn_component_r02_t07_c01,TWM-SYN-C-0093,TWM-SYN-C-0093,106.373,29.431,0.79,0.328,0.328,0.04,4,1,0,0,2,1,1,0,0,0.5,0.793,True,True,synthetic_experiment_foundation,/Users/zhouning/gisdataagent/data_agent/test_data/twm_bishan_multi_admin_eval,SYN-R02,2026Q4+1,7,scenario_protect_1,test,restore,pair_0093,0.038,0.44104,0.479104,-0.016,0.021824,0.107,False,restoration_high_risk_phasing_review,,mixed_risk_restore_blocked
TWM-SYN-C-0094,APR-TWM-SYN-C-0094,PRJ-TWM-SYN-C-0094,in_review,0.441296,0.0,18251.112,18251.112,SYN-R02:township_2,syn_component_r02_t07_c02,syn_component_r02_t07_c02,TWM-SYN-T-0094,TWM-SYN-T-0094,106.384,29.434,0.775,0.322,0.322,0.06,4,1,0,0,2,1,1,0,0,0.5,0.788,True,True,synthetic_experiment_foundation,/Users/zhouning/gisdataagent/data_agent/test_data/twm_bishan_multi_admin_eval,SYN-R02,2026Q4+1,7,scenario_protect_1,test,approve_with_conditions,pair_0094,0.035,0.44116,0.441296,-0.008,0.025776,0.112,True,conditional_approval_monitoring,,mixed_risk_allowed_with_conditions
TWM-SYN-T-0094,APR-TWM-SYN-T-0094,PRJ-TWM-SYN-T-0094,approved,0.476296,18251.112,18251.112,18251.112,SYN-R02:township_2,syn_component_r02_t07_c02,syn_component_r02_t07_c02,TWM-SYN-C-0094,TWM-SYN-C-0094,106.385,29.435,0.775,0.322,0.322,0.06,4,1,0,0,2,1,1,0,0,0.5,0.788,True,True,synthetic_experiment_foundation,/Users/zhouning/gisdataagent/data_agent/test_data/twm_bishan_multi_admin_eval,SYN-R02,2026Q4+1,7,scenario_protect_1,test,approve_with_conditions,pair_0094,0.035,0.44116,0.476296,-0.008,0.025776,0.112,True,conditional_approval_monitoring,,mixed_risk_allowed_with_conditions
TWM-SYN-C-0095,APR-TWM-SYN-C-0095,PRJ-TWM-SYN-C-0095,in_review,0.438704,0.0,7072.901,7072.901,SYN-R02:township_0,syn_component_r02_t07_c03,syn_component_r02_t07_c03,TWM-SYN-T-0095,TWM-SYN-T-0095,106.396,29.438,0.76,0.328,0.328,0.08,4,1,0,0,2,1,1,1,0,0.5,0.75,True,True,synthetic_experiment_foundation,/Users/zhouning/gisdataagent/data_agent/test_data/twm_bishan_multi_admin_eval,SYN-R02,2026Q4+1,7,scenario_protect_1,test,defer_review,pair_0095,0.008,0.43864,0.438704,0.022,-0.020416,0.161,False,synthetic_defer_review,,defer_review_always_review
TWM-SYN-T-0095,APR-TWM-SYN-T-0095,PRJ-TWM-SYN-T-0095,approved,0.446704,7072.901,7072.901,7072.901,SYN-R02:township_0,syn_component_r02_t07_c03,syn_component_r02_t07_c03,TWM-SYN-C-0095,TWM-SYN-C-0095,106.397,29.439,0.76,0.328,0.328,0.08,4,1,0,0,2,1,1,1,0,0.5,0.75,True,True,synthetic_experiment_foundation,/Users/zhouning/gisdataagent/data_agent/test_data/twm_bishan_multi_admin_eval,SYN-R02,2026Q4+1,7,scenario_protect_1,test,defer_review,pair_0095,0.008,0.43864,0.446704,0.022,-0.020416,0.161,False,synthetic_defer_review,,defer_review_always_review
TWM-SYN-C-0096,APR-TWM-SYN-C-0096,PRJ-TWM-SYN-C-0096,in_review,0.448816,0.0,179653.75,179653.75,SYN-R03:township_0,syn_component_r03_t00_c00,syn_component_r03_t00_c00,TWM-SYN-T-0096,TWM-SYN-T-0096,106.54,29.3,0.745,0.262,0.262,0.04,4,1,0,0,2,0,1,0,0,0.5,0.818,True,True,synthetic_experiment_foundation,/Users/zhouning/gisdataagent/data_agent/test_data/twm_bishan_multi_admin_eval,SYN-R03,2026Q1+0,0,scenario_protect_0,train,protect,pair_0096,0.049,0.45196,0.448816,-0.056,0.077616,0.082,True,,,low_risk_allowed
TWM-SYN-T-0096,APR-TWM-SYN-T-0096,PRJ-TWM-SYN-T-0096,approved,0.497816,179653.75,179653.75,179653.75,SYN-R03:township_0,syn_component_r03_t00_c00,syn_component_r03_t00_c00,TWM-SYN-C-0096,TWM-SYN-C-0096,106.541,29.301,0.745,0.262,0.262,0.04,4,1,0,0,2,0,1,0,0,0.5,0.818,True,True,synthetic_experiment_foundation,/Users/zhouning/gisdataagent/data_agent/test_data/twm_bishan_multi_admin_eval,SYN-R03,2026Q1+0,0,scenario_protect_0,train,protect,pair_0096,0.049,0.45196,0.497816,-0.056,0.077616,0.082,True,,,low_risk_allowed
TWM-SYN-C-0097,APR-TWM-SYN-C-0097,PRJ-TWM-SYN-C-0097,in_review,0.449008,0.0,33869.144,33869.144,SYN-R03:township_1,syn_component_r03_t00_c01,syn_component_r03_t00_c01,TWM-SYN-T-0097,TWM-SYN-T-0097,106.552,29.304,0.73,0.256,0.256,0.06,4,1,0,0,2,0,1,0,0,0.5,0.792,True,True,synthetic_experiment_foundation,/Users/zhouning/gisdataagent/data_agent/test_data/twm_bishan_multi_admin_eval,SYN-R03,2026Q1+0,0,scenario_protect_0,train,restore,pair_0097,0.033,0.45208,0.449008,-0.014,0.017568,0.108,False,restoration_high_risk_phasing_review,,mixed_risk_restore_blocked
TWM-SYN-T-0097,APR-TWM-SYN-T-0097,PRJ-TWM-SYN-T-0097,approved,0.482008,33869.144,33869.144,33869.144,SYN-R03:township_1,syn_component_r03_t00_c01,syn_component_r03_t00_c01,TWM-SYN-C-0097,TWM-SYN-C-0097,106.553,29.305,0.73,0.256,0.256,0.06,4,1,0,0,2,0,1,0,0,0.5,0.792,True,True,synthetic_experiment_foundation,/Users/zhouning/gisdataagent/data_agent/test_data/twm_bishan_multi_admin_eval,SYN-R03,2026Q1+0,0,scenario_protect_0,train,restore,pair_0097,0.033,0.45208,0.482008,-0.014,0.017568,0.108,False,restoration_high_risk_phasing_review,,mixed_risk_restore_blocked
TWM-SYN-C-0098,APR-TWM-SYN-C-0098,PRJ-TWM-SYN-C-0098,in_review,0.446416,0.0,29887.628,29887.628,SYN-R03:township_2,syn_component_r03_t00_c02,syn_component_r03_t00_c02,TWM-SYN-T-0098,TWM-SYN-T-0098,106.564,29.308,0.715,0.262,0.262,0.08,4,1,0,0,2,0,1,1,0,0.5,0.787,True,True,synthetic_experiment_foundation,/Users/zhouning/gisdataagent/data_agent/test_data/twm_bishan_multi_admin_eval,SYN-R03,2026Q1+0,0,scenario_protect_0,train,approve_with_conditions,pair_0098,0.03,0.44956,0.446416,-0.006,0.021376,0.113,True,,,low_risk_allowed
TWM-SYN-T-0098,APR-TWM-SYN-T-0098,PRJ-TWM-SYN-T-0098,approved,0.476416,29887.628,29887.628,29887.628,SYN-R03:township_2,syn_component_r03_t00_c02,syn_component_r03_t00_c02,TWM-SYN-C-0098,TWM-SYN-C-0098,106.565,29.309,0.715,0.262,0.262,0.08,4,1,0,0,2,0,1,1,0,0.5,0.787,True,True,synthetic_experiment_foundation,/Users/zhouning/gisdataagent/data_agent/test_data/twm_bishan_multi_admin_eval,SYN-R03,2026Q1+0,0,scenario_protect_0,train,approve_with_conditions,pair_0098,0.03,0.44956,0.476416,-0.006,0.021376,0.113,True,,,low_risk_allowed
TWM-SYN-C-0099,APR-TWM-SYN-C-0099,PRJ-TWM-SYN-C-0099,in_review,0.446608,0.0,98829.755,98829.755,SYN-R03:township_0,syn_component_r03_t00_c03,syn_component_r03_t00_c03,TWM-SYN-T-0099,TWM-SYN-T-0099,106.576,29.312,0.7,0.256,0.256,0.1,4,1,0,0,2,0,1,1,0,0.5,0.75,True,True,synthetic_experiment_foundation,/Users/zhouning/gisdataagent/data_agent/test_data/twm_bishan_multi_admin_eval,SYN-R03,2026Q1+0,0,scenario_protect_0,train,defer_review,pair_0099,0.003,0.44968,0.446608,0.024,-0.024672,0.162,False,synthetic_defer_review,,defer_review_always_review
TWM-SYN-T-0099,APR-TWM-SYN-T-0099,PRJ-TWM-SYN-T-0099,approved,0.449608,98829.755,98829.755,98829.755,SYN-R03:township_0,syn_component_r03_t00_c03,syn_component_r03_t00_c03,TWM-SYN-C-0099,TWM-SYN-C-0099,106.577,29.313,0.7,0.256,0.256,0.1,4,1,0,0,2,0,1,1,0,0.5,0.75,True,True,synthetic_experiment_foundation,/Users/zhouning/gisdataagent/data_agent/test_data/twm_bishan_multi_admin_eval,SYN-R03,2026Q1+0,0,scenario_protect_0,train,defer_review,pair_0099,0.003,0.44968,0.449608,0.024,-0.024672,0.162,False,synthetic_defer_review,,defer_review_always_review
TWM-SYN-C-0100,APR-TWM-SYN-C-0100,PRJ-TWM-SYN-C-0100,in_review,0.449968,0.0,179653.75,179653.75,SYN-R03:township_0,syn_component_r03_t01_c00,syn_component_r03_t01_c00,TWM-SYN-T-0100,TWM-SYN-T-0100,106.54,29.318,0.75,0.276,0.276,0.06,4,1,0,0,2,0,1,0,0,0.5,0.794,True,True,synthetic_experiment_foundation,/Users/zhouning/gisdataagent/data_agent/test_data/twm_bishan_multi_admin_eval,SYN-R03,2026Q2+0,1,scenario_restore_1,train,protect,pair_0100,0.027,0.44928,0.449968,-0.02,0.013328,0.106,False,protection_boundary_conflict_review,,mixed_risk_protect_blocked
TWM-SYN-T-0100,APR-TWM-SYN-T-0100,PRJ-TWM-SYN-T-0100,approved,0.476968,179653.75,179653.75,179653.75,SYN-R03:township_0,syn_component_r03_t01_c00,syn_component_r03_t01_c00,TWM-SYN-C-0100,TWM-SYN-C-0100,106.541,29.319,0.75,0.276,0.276,0.06,4,1,0,0,2,0,1,0,0,0.5,0.794,True,True,synthetic_experiment_foundation,/Users/zhouning/gisdataagent/data_agent/test_data/twm_bishan_multi_admin_eval,SYN-R03,2026Q2+0,1,scenario_restore_1,train,protect,pair_0100,0.027,0.44928,0.476968,-0.02,0.013328,0.106,False,protection_boundary_conflict_review,,mixed_risk_protect_blocked
TWM-SYN-C-0101,APR-TWM-SYN-C-0101,PRJ-TWM-SYN-C-0101,in_review,0.45016,0.0,100123.475,100123.475,SYN-R03:township_1,syn_component_r03_t01_c01,syn_component_r03_t01_c01,TWM-SYN-T-0101,TWM-SYN-T-0101,106.552,29.322,0.735,0.27,0.27,0.08,4,1,0,0,2,0,1,1,0,0.5,0.81,True,True,synthetic_experiment_foundation,/Users/zhouning/gisdataagent/data_agent/test_data/twm_bishan_multi_admin_eval,SYN-R03,2026Q2+0,1,scenario_restore_1,train,restore,pair_0101,0.059,0.4494,0.45016,-0.05,0.08528,0.09,True,,,low_risk_allowed
TWM-SYN-T-0101,APR-TWM-SYN-T-0101,PRJ-TWM-SYN-T-0101,approved,0.50916,100123.475,100123.475,100123.475,SYN-R03:township_1,syn_component_r03_t01_c01,syn_component_r03_t01_c01,TWM-SYN-C-0101,TWM-SYN-C-0101,106.553,29.323,0.735,0.27,0.27,0.08,4,1,0,0,2,0,1,1,0,0.5,0.81,True,True,synthetic_experiment_foundation,/Users/zhouning/gisdataagent/data_agent/test_data/twm_bishan_multi_admin_eval,SYN-R03,2026Q2+0,1,scenario_restore_1,train,restore,pair_0101,0.059,0.4494,0.50916,-0.05,0.08528,0.09,True,,,low_risk_allowed
TWM-SYN-C-0102,APR-TWM-SYN-C-0102,PRJ-TWM-SYN-C-0102,in_review,0.447568,0.0,20416.275,20416.275,SYN-R03:township_2,syn_component_r03_t01_c02,syn_component_r03_t01_c02,TWM-SYN-T-0102,TWM-SYN-T-0102,106.564,29.326,0.72,0.276,0.276,0.1,4,1,0,0,2,0,1,1,0,0.5,0.784,True,True,synthetic_experiment_foundation,/Users/zhouning/gisdataagent/data_agent/test_data/twm_bishan_multi_admin_eval,SYN-R03,2026Q2+0,1,scenario_restore_1,train,approve_with_conditions,pair_0102,0.032,0.44688,0.447568,-0.006,0.023088,0.116,False,mixed_risk_condition_review,,mixed_risk_blocked_condition_review
TWM-SYN-T-0102,APR-TWM-SYN-T-0102,PRJ-TWM-SYN-T-0102,approved,0.479568,20416.275,20416.275,20416.275,SYN-R03:township_2,syn_component_r03_t01_c02,syn_component_r03_t01_c02,TWM-SYN-C-0102,TWM-SYN-C-0102,106.565,29.327,0.72,0.276,0.276,0.1,4,1,0,0,2,0,1,1,0,0.5,0.784,True,True,synthetic_experiment_foundation,/Users/zhouning/gisdataagent/data_agent/test_data/twm_bishan_multi_admin_eval,SYN-R03,2026Q2+0,1,scenario_restore_1,train,approve_with_conditions,pair_0102,0.032,0.44688,0.479568,-0.006,0.023088,0.116,False,mixed_risk_condition_review,,mixed_risk_blocked_condition_review
TWM-SYN-C-0103,APR-TWM-SYN-C-0103,PRJ-TWM-SYN-C-0103,in_review,0.44776,0.0,12171.603,12171.603,SYN-R03:township_0,syn_component_r03_t01_c03,syn_component_r03_t01_c03,TWM-SYN-T-0103,TWM-SYN-T-0103,106.576,29.33,0.705,0.27,0.27,0.04,4,1,0,0,2,0,1,0,0,0.5,0.75,True,True,synthetic_experiment_foundation,/Users/zhouning/gisdataagent/data_agent/test_data/twm_bishan_multi_admin_eval,SYN-R03,2026Q2+0,1,scenario_restore_1,train,defer_review,pair_0103,0.005,0.447,0.44776,0.024,-0.02248,0.165,False,synthetic_defer_review,,defer_review_always_review
TWM-SYN-T-0103,APR-TWM-SYN-T-0103,PRJ-TWM-SYN-T-0103,approved,0.45276,12171.603,12171.603,12171.603,SYN-R03:township_0,syn_component_r03_t01_c03,syn_component_r03_t01_c03,TWM-SYN-C-0103,TWM-SYN-C-0103,106.577,29.331,0.705,0.27,0.27,0.04,4,1,0,0,2,0,1,0,0,0.5,0.75,True,True,synthetic_experiment_foundation,/Users/zhouning/gisdataagent/data_agent/test_data/twm_bishan_multi_admin_eval,SYN-R03,2026Q2+0,1,scenario_restore_1,train,defer_review,pair_0103,0.005,0.447,0.45276,0.024,-0.02248,0.165,False,synthetic_defer_review,,defer_review_always_review
TWM-SYN-C-0104,APR-TWM-SYN-C-0104,PRJ-TWM-SYN-C-0104,in_review,0.45112,0.0,102978.086,102978.086,SYN-R03:township_0,syn_component_r03_t02_c00,syn_component_r03_t02_c00,TWM-SYN-T-0104,TWM-SYN-T-0104,106.54,29.336,0.755,0.29,0.29,0.08,4,1,0,0,2,0,1,1,0,0.5,0.791,True,True,synthetic_experiment_foundation,/Users/zhouning/gisdataagent/data_agent/test_data/twm_bishan_multi_admin_eval,SYN-R03,2026Q3+0,2,scenario_approve_with_conditions_2,train,protect,pair_0104,0.025,0.4466,0.45112,-0.02,0.01104,0.109,True,,,low_risk_allowed
TWM-SYN-T-0104,APR-TWM-SYN-T-0104,PRJ-TWM-SYN-T-0104,approved,0.47612,102978.086,102978.086,102978.086,SYN-R03:township_0,syn_component_r03_t02_c00,syn_component_r03_t02_c00,TWM-SYN-C-0104,TWM-SYN-C-0104,106.541,29.337,0.755,0.29,0.29,0.08,4,1,0,0,2,0,1,1,0,0.5,0.791,True,True,synthetic_experiment_foundation,/Users/zhouning/gisdataagent/data_agent/test_data/twm_bishan_multi_admin_eval,SYN-R03,2026Q3+0,2,scenario_approve_with_conditions_2,train,protect,pair_0104,0.025,0.4466,0.47612,-0.02,0.01104,0.109,True,,,low_risk_allowed
TWM-SYN-C-0105,APR-TWM-SYN-C-0105,PRJ-TWM-SYN-C-0105,in_review,0.451312,0.0,54533.935,54533.935,SYN-R03:township_1,syn_component_r03_t02_c01,syn_component_r03_t02_c01,TWM-SYN-T-0105,TWM-SYN-T-0105,106.552,29.34,0.74,0.284,0.284,0.1,4,1,0,0,2,0,1,1,0,0.5,0.786,True,True,synthetic_experiment_foundation,/Users/zhouning/gisdataagent/data_agent/test_data/twm_bishan_multi_admin_eval,SYN-R03,2026Q3+0,2,scenario_approve_with_conditions_2,train,restore,pair_0105,0.033,0.44672,0.451312,-0.014,0.016992,0.114,True,,,low_risk_allowed
TWM-SYN-T-0105,APR-TWM-SYN-T-0105,PRJ-TWM-SYN-T-0105,approved,0.484312,54533.935,54533.935,54533.935,SYN-R03:township_1,syn_component_r03_t02_c01,syn_component_r03_t02_c01,TWM-SYN-C-0105,TWM-SYN-C-0105,106.553,29.341,0.74,0.284,0.284,0.1,4,1,0,0,2,0,1,1,0,0.5,0.786,True,True,synthetic_experiment_foundation,/Users/zhouning/gisdataagent/data_agent/test_data/twm_bishan_multi_admin_eval,SYN-R03,2026Q3+0,2,scenario_approve_with_conditions_2,train,restore,pair_0105,0.033,0.44672,0.484312,-0.014,0.016992,0.114,True,,,low_risk_allowed
TWM-SYN-C-0106,APR-TWM-SYN-C-0106,PRJ-TWM-SYN-C-0106,in_review,0.44872,0.0,40666.396,40666.396,SYN-R03:township_2,syn_component_r03_t02_c02,syn_component_r03_t02_c02,TWM-SYN-T-0106,TWM-SYN-T-0106,106.564,29.344,0.725,0.29,0.29,0.04,4,1,0,0,2,0,1,0,0,0.5,0.802,True,True,synthetic_experiment_foundation,/Users/zhouning/gisdataagent/data_agent/test_data/twm_bishan_multi_admin_eval,SYN-R03,2026Q3+0,2,scenario_approve_with_conditions_2,train,approve_with_conditions,pair_0106,0.054,0.4442,0.44872,-0.042,0.08728,0.098,True,,,low_risk_allowed
TWM-SYN-T-0106,APR-TWM-SYN-T-0106,PRJ-TWM-SYN-T-0106,approved,0.50272,40666.396,40666.396,40666.396,SYN-R03:township_2,syn_component_r03_t02_c02,syn_component_r03_t02_c02,TWM-SYN-C-0106,TWM-SYN-C-0106,106.565,29.345,0.725,0.29,0.29,0.04,4,1,0,0,2,0,1,0,0,0.5,0.802,True,True,synthetic_experiment_foundation,/Users/zhouning/gisdataagent/data_agent/test_data/twm_bishan_multi_admin_eval,SYN-R03,2026Q3+0,2,scenario_approve_with_conditions_2,train,approve_with_conditions,pair_0106,0.054,0.4442,0.50272,-0.042,0.08728,0.098,True,,,low_risk_allowed
TWM-SYN-C-0107,APR-TWM-SYN-C-0107,PRJ-TWM-SYN-C-0107,in_review,0.448912,0.0,190370.74,190370.74,SYN-R03:township_0,syn_component_r03_t02_c03,syn_component_r03_t02_c03,TWM-SYN-T-0107,TWM-SYN-T-0107,106.576,29.348,0.71,0.284,0.284,0.06,4,1,0,0,2,0,1,0,0,0.5,0.75,True,True,synthetic_experiment_foundation,/Users/zhouning/gisdataagent/data_agent/test_data/twm_bishan_multi_admin_eval,SYN-R03,2026Q3+0,2,scenario_approve_with_conditions_2,train,defer_review,pair_0107,0.003,0.44432,0.448912,0.024,-0.024768,0.168,False,synthetic_defer_review,,defer_review_always_review
TWM-SYN-T-0107,APR-TWM-SYN-T-0107,PRJ-TWM-SYN-T-0107,approved,0.451912,190370.74,190370.74,190370.74,SYN-R03:township_0,syn_component_r03_t02_c03,syn_component_r03_t02_c03,TWM-SYN-C-0107,TWM-SYN-C-0107,106.577,29.349,0.71,0.284,0.284,0.06,4,1,0,0,2,0,1,0,0,0.5,0.75,True,True,synthetic_experiment_foundation,/Users/zhouning/gisdataagent/data_agent/test_data/twm_bishan_multi_admin_eval,SYN-R03,2026Q3+0,2,scenario_approve_with_conditions_2,train,defer_review,pair_0107,0.003,0.44432,0.451912,0.024,-0.024768,0.168,False,synthetic_defer_review,,defer_review_always_review
TWM-SYN-C-0108,APR-TWM-SYN-C-0108,PRJ-TWM-SYN-C-0108,in_review,0.440272,0.0,42090.387,42090.387,SYN-R03:township_0,syn_component_r03_t03_c00,syn_component_r03_t03_c00,TWM-SYN-T-0108,TWM-SYN-T-0108,106.54,29.354,0.76,0.304,0.304,0.1,4,1,0,0,2,0,1,1,0,0.5,0.818,True,True,synthetic_experiment_foundation,/Users/zhouning/gisdataagent/data_agent/test_data/twm_bishan_multi_admin_eval,SYN-R03,2026Q4+0,3,scenario_protect_0,train,protect,pair_0108,0.051,0.44392,0.440272,-0.056,0.078752,0.082,True,,,low_risk_allowed
TWM-SYN-T-0108,APR-TWM-SYN-T-0108,PRJ-TWM-SYN-T-0108,approved,0.491272,42090.387,42090.387,42090.387,SYN-R03:township_0,syn_component_r03_t03_c00,syn_component_r03_t03_c00,TWM-SYN-C-0108,TWM-SYN-C-0108,106.541,29.355,0.76,0.304,0.304,0.1,4,1,0,0,2,0,1,1,0,0.5,0.818,True,True,synthetic_experiment_foundation,/Users/zhouning/gisdataagent/data_agent/test_data/twm_bishan_multi_admin_eval,SYN-R03,2026Q4+0,3,scenario_protect_0,train,protect,pair_0108,0.051,0.44392,0.491272,-0.056,0.078752,0.082,True,,,low_risk_allowed
TWM-SYN-C-0109,APR-TWM-SYN-C-0109,PRJ-TWM-SYN-C-0109,in_review,0.440464,0.0,28795.993,28795.993,SYN-R03:township_1,syn_component_r03_t03_c01,syn_component_r03_t03_c01,TWM-SYN-T-0109,TWM-SYN-T-0109,106.552,29.358,0.745,0.298,0.298,0.04,4,1,0,0,2,0,1,0,0,0.5,0.792,True,True,synthetic_experiment_foundation,/Users/zhouning/gisdataagent/data_agent/test_data/twm_bishan_multi_admin_eval,SYN-R03,2026Q4+0,3,scenario_protect_0,train,restore,pair_0109,0.035,0.44404,0.440464,-0.014,0.019184,0.108,False,restoration_high_risk_phasing_review,,mixed_risk_restore_blocked
TWM-SYN-T-0109,APR-TWM-SYN-T-0109,PRJ-TWM-SYN-T-0109,approved,0.475464,28795.993,28795.993,28795.993,SYN-R03:township_1,syn_component_r03_t03_c01,syn_component_r03_t03_c01,TWM-SYN-C-0109,TWM-SYN-C-0109,106.553,29.359,0.745,0.298,0.298,0.04,4,1,0,0,2,0,1,0,0,0.5,0.792,True,True,synthetic_experiment_foundation,/Users/zhouning/gisdataagent/data_agent/test_data/twm_bishan_multi_admin_eval,SYN-R03,2026Q4+0,3,scenario_protect_0,train,restore,pair_0109,0.035,0.44404,0.475464,-0.014,0.019184,0.108,False,restoration_high_risk_phasing_review,,mixed_risk_restore_blocked
TWM-SYN-C-0110,APR-TWM-SYN-C-0110,PRJ-TWM-SYN-C-0110,in_review,0.437872,0.0,91221.427,91221.427,SYN-R03:township_2,syn_component_r03_t03_c02,syn_component_r03_t03_c02,TWM-SYN-T-0110,TWM-SYN-T-0110,106.564,29.362,0.73,0.304,0.304,0.06,4,1,0,0,2,0,1,0,0,0.5,0.787,True,True,synthetic_experiment_foundation,/Users/zhouning/gisdataagent/data_agent/test_data/twm_bishan_multi_admin_eval,SYN-R03,2026Q4+0,3,scenario_protect_0,train,approve_with_conditions,pair_0110,0.032,0.44152,0.437872,-0.006,0.022992,0.113,False,mixed_risk_condition_review,,mixed_risk_blocked_condition_review
TWM-SYN-T-0110,APR-TWM-SYN-T-0110,PRJ-TWM-SYN-T-0110,approved,0.469872,91221.427,91221.427,91221.427,SYN-R03:township_2,syn_component_r03_t03_c02,syn_component_r03_t03_c02,TWM-SYN-C-0110,TWM-SYN-C-0110,106.565,29.363,0.73,0.304,0.304,0.06,4,1,0,0,2,0,1,0,0,0.5,0.787,True,True,synthetic_experiment_foundation,/Users/zhouning/gisdataagent/data_agent/test_data/twm_bishan_multi_admin_eval,SYN-R03,2026Q4+0,3,scenario_protect_0,train,approve_with_conditions,pair_0110,0.032,0.44152,0.469872,-0.006,0.022992,0.113,False,mixed_risk_condition_review,,mixed_risk_blocked_condition_review
TWM-SYN-C-0111,APR-TWM-SYN-C-0111,PRJ-TWM-SYN-C-0111,in_review,0.438064,0.0,6316.095,6316.095,SYN-R03:township_0,syn_component_r03_t03_c03,syn_component_r03_t03_c03,TWM-SYN-T-0111,TWM-SYN-T-0111,106.576,29.366,0.715,0.298,0.298,0.08,4,1,0,0,2,0,1,1,0,0.5,0.75,True,True,synthetic_experiment_foundation,/Users/zhouning/gisdataagent/data_agent/test_data/twm_bishan_multi_admin_eval,SYN-R03,2026Q4+0,3,scenario_protect_0,train,defer_review,pair_0111,0.005,0.44164,0.438064,0.024,-0.023056,0.162,False,synthetic_defer_review,,defer_review_always_review
TWM-SYN-T-0111,APR-TWM-SYN-T-0111,PRJ-TWM-SYN-T-0111,approved,0.443064,6316.095,6316.095,6316.095,SYN-R03:township_0,syn_component_r03_t03_c03,syn_component_r03_t03_c03,TWM-SYN-C-0111,TWM-SYN-C-0111,106.577,29.367,0.715,0.298,0.298,0.08,4,1,0,0,2,0,1,1,0,0.5,0.75,True,True,synthetic_experiment_foundation,/Users/zhouning/gisdataagent/data_agent/test_data/twm_bishan_multi_admin_eval,SYN-R03,2026Q4+0,3,scenario_protect_0,train,defer_review,pair_0111,0.005,0.44164,0.443064,0.024,-0.023056,0.162,False,synthetic_defer_review,,defer_review_always_review
TWM-SYN-C-0112,APR-TWM-SYN-C-0112,PRJ-TWM-SYN-C-0112,in_review,0.441424,0.0,179653.75,179653.75,SYN-R03:township_0,syn_component_r03_t04_c00,syn_component_r03_t04_c00,TWM-SYN-T-0112,TWM-SYN-T-0112,106.54,29.372,0.765,0.318,0.318,0.04,4,1,0,0,2,0,1,0,0,0.5,0.794,True,True,synthetic_experiment_foundation,/Users/zhouning/gisdataagent/data_agent/test_data/twm_bishan_multi_admin_eval,SYN-R03,2026Q1+1,4,scenario_restore_1,validation,protect,pair_0112,0.025,0.44124,0.441424,-0.02,0.010944,0.106,False,protection_boundary_conflict_review,,mixed_risk_protect_blocked
TWM-SYN-T-0112,APR-TWM-SYN-T-0112,PRJ-TWM-SYN-T-0112,approved,0.466424,179653.75,179653.75,179653.75,SYN-R03:township_0,syn_component_r03_t04_c00,syn_component_r03_t04_c00,TWM-SYN-C-0112,TWM-SYN-C-0112,106.541,29.373,0.765,0.318,0.318,0.04,4,1,0,0,2,0,1,0,0,0.5,0.794,True,True,synthetic_experiment_foundation,/Users/zhouning/gisdataagent/data_agent/test_data/twm_bishan_multi_admin_eval,SYN-R03,2026Q1+1,4,scenario_restore_1,validation,protect,pair_0112,0.025,0.44124,0.466424,-0.02,0.010944,0.106,False,protection_boundary_conflict_review,,mixed_risk_protect_blocked
TWM-SYN-C-0113,APR-TWM-SYN-C-0113,PRJ-TWM-SYN-C-0113,in_review,0.441616,0.0,84504.261,84504.261,SYN-R03:township_1,syn_component_r03_t04_c01,syn_component_r03_t04_c01,TWM-SYN-T-0113,TWM-SYN-T-0113,106.552,29.376,0.75,0.312,0.312,0.06,4,1,0,0,2,0,1,0,0,0.5,0.81,True,True,synthetic_experiment_foundation,/Users/zhouning/gisdataagent/data_agent/test_data/twm_bishan_multi_admin_eval,SYN-R03,2026Q1+1,4,scenario_restore_1,validation,restore,pair_0113,0.057,0.44136,0.441616,-0.05,0.082896,0.09,True,,,low_risk_allowed
TWM-SYN-T-0113,APR-TWM-SYN-T-0113,PRJ-TWM-SYN-T-0113,approved,0.498616,84504.261,84504.261,84504.261,SYN-R03:township_1,syn_component_r03_t04_c01,syn_component_r03_t04_c01,TWM-SYN-C-0113,TWM-SYN-C-0113,106.553,29.377,0.75,0.312,0.312,0.06,4,1,0,0,2,0,1,0,0,0.5,0.81,True,True,synthetic_experiment_foundation,/Users/zhouning/gisdataagent/data_agent/test_data/twm_bishan_multi_admin_eval,SYN-R03,2026Q1+1,4,scenario_restore_1,validation,restore,pair_0113,0.057,0.44136,0.498616,-0.05,0.082896,0.09,True,,,low_risk_allowed
TWM-SYN-C-0114,APR-TWM-SYN-C-0114,PRJ-TWM-SYN-C-0114,in_review,0.439024,0.0,27986.206,27986.206,SYN-R03:township_2,syn_component_r03_t04_c02,syn_component_r03_t04_c02,TWM-SYN-T-0114,TWM-SYN-T-0114,106.564,29.38,0.735,0.318,0.318,0.08,4,1,0,0,2,0,1,1,0,0.5,0.784,True,True,synthetic_experiment_foundation,/Users/zhouning/gisdataagent/data_agent/test_data/twm_bishan_multi_admin_eval,SYN-R03,2026Q1+1,4,scenario_restore_1,validation,approve_with_conditions,pair_0114,0.03,0.43884,0.439024,-0.006,0.020704,0.116,True,conditional_approval_monitoring,,mixed_risk_allowed_with_conditions
TWM-SYN-T-0114,APR-TWM-SYN-T-0114,PRJ-TWM-SYN-T-0114,approved,0.469024,27986.206,27986.206,27986.206,SYN-R03:township_2,syn_component_r03_t04_c02,syn_component_r03_t04_c02,TWM-SYN-C-0114,TWM-SYN-C-0114,106.565,29.381,0.735,0.318,0.318,0.08,4,1,0,0,2,0,1,1,0,0.5,0.784,True,True,synthetic_experiment_foundation,/Users/zhouning/gisdataagent/data_agent/test_data/twm_bishan_multi_admin_eval,SYN-R03,2026Q1+1,4,scenario_restore_1,validation,approve_with_conditions,pair_0114,0.03,0.43884,0.469024,-0.006,0.020704,0.116,True,conditional_approval_monitoring,,mixed_risk_allowed_with_conditions
TWM-SYN-C-0115,APR-TWM-SYN-C-0115,PRJ-TWM-SYN-C-0115,in_review,0.439216,0.0,77846.282,77846.282,SYN-R03:township_0,syn_component_r03_t04_c03,syn_component_r03_t04_c03,TWM-SYN-T-0115,TWM-SYN-T-0115,106.576,29.384,0.72,0.312,0.312,0.1,4,1,0,0,2,0,1,1,0,0.5,0.75,True,True,synthetic_experiment_foundation,/Users/zhouning/gisdataagent/data_agent/test_data/twm_bishan_multi_admin_eval,SYN-R03,2026Q1+1,4,scenario_restore_1,validation,defer_review,pair_0115,0.003,0.43896,0.439216,0.024,-0.025344,0.165,False,synthetic_defer_review,,defer_review_always_review
TWM-SYN-T-0115,APR-TWM-SYN-T-0115,PRJ-TWM-SYN-T-0115,approved,0.442216,77846.282,77846.282,77846.282,SYN-R03:township_0,syn_component_r03_t04_c03,syn_component_r03_t04_c03,TWM-SYN-C-0115,TWM-SYN-C-0115,106.577,29.385,0.72,0.312,0.312,0.1,4,1,0,0,2,0,1,1,0,0.5,0.75,True,True,synthetic_experiment_foundation,/Users/zhouning/gisdataagent/data_agent/test_data/twm_bishan_multi_admin_eval,SYN-R03,2026Q1+1,4,scenario_restore_1,validation,defer_review,pair_0115,0.003,0.43896,0.442216,0.024,-0.025344,0.165,False,synthetic_defer_review,,defer_review_always_review
TWM-SYN-C-0116,APR-TWM-SYN-C-0116,PRJ-TWM-SYN-C-0116,in_review,0.442576,0.0,62602.595,62602.595,SYN-R03:township_0,syn_component_r03_t05_c00,syn_component_r03_t05_c00,TWM-SYN-T-0116,TWM-SYN-T-0116,106.54,29.39,0.77,0.332,0.332,0.06,4,1,0,0,2,0,1,0,0,0.5,0.791,True,True,synthetic_experiment_foundation,/Users/zhouning/gisdataagent/data_agent/test_data/twm_bishan_multi_admin_eval,SYN-R03,2026Q2+1,5,scenario_approve_with_conditions_2,validation,protect,pair_0116,0.027,0.43856,0.442576,-0.02,0.012656,0.109,True,,,mixed_risk_protect_allowed
TWM-SYN-T-0116,APR-TWM-SYN-T-0116,PRJ-TWM-SYN-T-0116,approved,0.469576,62602.595,62602.595,62602.595,SYN-R03:township_0,syn_component_r03_t05_c00,syn_component_r03_t05_c00,TWM-SYN-C-0116,TWM-SYN-C-0116,106.541,29.391,0.77,0.332,0.332,0.06,4,1,0,0,2,0,1,0,0,0.5,0.791,True,True,synthetic_experiment_foundation,/Users/zhouning/gisdataagent/data_agent/test_data/twm_bishan_multi_admin_eval,SYN-R03,2026Q2+1,5,scenario_approve_with_conditions_2,validation,protect,pair_0116,0.027,0.43856,0.469576,-0.02,0.012656,0.109,True,,,mixed_risk_protect_allowed
TWM-SYN-C-0117,APR-TWM-SYN-C-0117,PRJ-TWM-SYN-C-0117,in_review,0.442768,0.0,30228.639,30228.639,SYN-R03:township_1,syn_component_r03_t05_c01,syn_component_r03_t05_c01,TWM-SYN-T-0117,TWM-SYN-T-0117,106.552,29.394,0.755,0.326,0.326,0.08,4,1,0,0,2,0,1,1,0,0.5,0.786,True,True,synthetic_experiment_foundation,/Users/zhouning/gisdataagent/data_agent/test_data/twm_bishan_multi_admin_eval,SYN-R03,2026Q2+1,5,scenario_approve_with_conditions_2,validation,restore,pair_0117,0.035,0.43868,0.442768,-0.014,0.018608,0.114,True,,,mixed_risk_restore_allowed
TWM-SYN-T-0117,APR-TWM-SYN-T-0117,PRJ-TWM-SYN-T-0117,approved,0.477768,30228.639,30228.639,30228.639,SYN-R03:township_1,syn_component_r03_t05_c01,syn_component_r03_t05_c01,TWM-SYN-C-0117,TWM-SYN-C-0117,106.553,29.395,0.755,0.326,0.326,0.08,4,1,0,0,2,0,1,1,0,0.5,0.786,True,True,synthetic_experiment_foundation,/Users/zhouning/gisdataagent/data_agent/test_data/twm_bishan_multi_admin_eval,SYN-R03,2026Q2+1,5,scenario_approve_with_conditions_2,validation,restore,pair_0117,0.035,0.43868,0.477768,-0.014,0.018608,0.114,True,,,mixed_risk_restore_allowed
TWM-SYN-C-0118,APR-TWM-SYN-C-0118,PRJ-TWM-SYN-C-0118,in_review,0.440176,0.0,23230.056,23230.056,SYN-R03:township_2,syn_component_r03_t05_c02,syn_component_r03_t05_c02,TWM-SYN-T-0118,TWM-SYN-T-0118,106.564,29.398,0.74,0.332,0.332,0.1,4,1,0,0,2,0,1,1,0,0.5,0.802,True,True,synthetic_experiment_foundation,/Users/zhouning/gisdataagent/data_agent/test_data/twm_bishan_multi_admin_eval,SYN-R03,2026Q2+1,5,scenario_approve_with_conditions_2,validation,approve_with_conditions,pair_0118,0.056,0.43616,0.440176,-0.042,0.088416,0.098,False,mixed_risk_condition_review,,mixed_risk_blocked_condition_review
TWM-SYN-T-0118,APR-TWM-SYN-T-0118,PRJ-TWM-SYN-T-0118,approved,0.496176,23230.056,23230.056,23230.056,SYN-R03:township_2,syn_component_r03_t05_c02,syn_component_r03_t05_c02,TWM-SYN-C-0118,TWM-SYN-C-0118,106.565,29.399,0.74,0.332,0.332,0.1,4,1,0,0,2,0,1,1,0,0.5,0.802,True,True,synthetic_experiment_foundation,/Users/zhouning/gisdataagent/data_agent/test_data/twm_bishan_multi_admin_eval,SYN-R03,2026Q2+1,5,scenario_approve_with_conditions_2,validation,approve_with_conditions,pair_0118,0.056,0.43616,0.496176,-0.042,0.088416,0.098,False,mixed_risk_condition_review,,mixed_risk_blocked_condition_review
TWM-SYN-C-0119,APR-TWM-SYN-C-0119,PRJ-TWM-SYN-C-0119,in_review,0.440368,0.0,3942.163,3942.163,SYN-R03:township_0,syn_component_r03_t05_c03,syn_component_r03_t05_c03,TWM-SYN-T-0119,TWM-SYN-T-0119,106.576,29.402,0.725,0.326,0.326,0.04,4,1,0,0,2,0,1,0,0,0.5,0.75,True,True,synthetic_experiment_foundation,/Users/zhouning/gisdataagent/data_agent/test_data/twm_bishan_multi_admin_eval,SYN-R03,2026Q2+1,5,scenario_approve_with_conditions_2,validation,defer_review,pair_0119,0.005,0.43628,0.440368,0.024,-0.023152,0.168,False,synthetic_defer_review,,defer_review_always_review
TWM-SYN-T-0119,APR-TWM-SYN-T-0119,PRJ-TWM-SYN-T-0119,approved,0.445368,3942.163,3942.163,3942.163,SYN-R03:township_0,syn_component_r03_t05_c03,syn_component_r03_t05_c03,TWM-SYN-C-0119,TWM-SYN-C-0119,106.577,29.403,0.725,0.326,0.326,0.04,4,1,0,0,2,0,1,0,0,0.5,0.75,True,True,synthetic_experiment_foundation,/Users/zhouning/gisdataagent/data_agent/test_data/twm_bishan_multi_admin_eval,SYN-R03,2026Q2+1,5,scenario_approve_with_conditions_2,validation,defer_review,pair_0119,0.005,0.43628,0.445368,0.024,-0.023152,0.168,False,synthetic_defer_review,,defer_review_always_review
TWM-SYN-C-0120,APR-TWM-SYN-C-0120,PRJ-TWM-SYN-C-0120,in_review,0.431728,0.0,86479.266,86479.266,SYN-R03:township_0,syn_component_r03_t06_c00,syn_component_r03_t06_c00,TWM-SYN-T-0120,TWM-SYN-T-0120,106.54,29.408,0.775,0.346,0.346,0.08,4,1,0,1,2,1,1,1,0,0.5,0.818,True,True,synthetic_experiment_foundation,/Users/zhouning/gisdataagent/data_agent/test_data/twm_bishan_multi_admin_eval,SYN-R03,2026Q3+1,6,scenario_protect_0,test,protect,pair_0120,0.049,0.43588,0.431728,-0.056,0.076368,0.082,True,,,mixed_risk_protect_allowed
TWM-SYN-T-0120,APR-TWM-SYN-T-0120,PRJ-TWM-SYN-T-0120,approved,0.480728,86479.266,86479.266,86479.266,SYN-R03:township_0,syn_component_r03_t06_c00,syn_component_r03_t06_c00,TWM-SYN-C-0120,TWM-SYN-C-0120,106.541,29.409,0.775,0.346,0.346,0.08,4,1,0,1,2,1,1,1,0,0.5,0.818,True,True,synthetic_experiment_foundation,/Users/zhouning/gisdataagent/data_agent/test_data/twm_bishan_multi_admin_eval,SYN-R03,2026Q3+1,6,scenario_protect_0,test,protect,pair_0120,0.049,0.43588,0.480728,-0.056,0.076368,0.082,True,,,mixed_risk_protect_allowed
TWM-SYN-C-0121,APR-TWM-SYN-C-0121,PRJ-TWM-SYN-C-0121,in_review,0.43192,0.0,100123.475,100123.475,SYN-R03:township_1,syn_component_r03_t06_c01,syn_component_r03_t06_c01,TWM-SYN-T-0121,TWM-SYN-T-0121,106.552,29.412,0.76,0.34,0.34,0.1,4,1,0,1,2,1,1,1,0,0.5,0.792,True,True,synthetic_experiment_foundation,/Users/zhouning/gisdataagent/data_agent/test_data/twm_bishan_multi_admin_eval,SYN-R03,2026Q3+1,6,scenario_protect_0,test,restore,pair_0121,0.033,0.436,0.43192,-0.014,0.01632,0.108,False,restoration_high_risk_phasing_review,,mixed_risk_restore_blocked
TWM-SYN-T-0121,APR-TWM-SYN-T-0121,PRJ-TWM-SYN-T-0121,approved,0.46492,100123.475,100123.475,100123.475,SYN-R03:township_1,syn_component_r03_t06_c01,syn_component_r03_t06_c01,TWM-SYN-C-0121,TWM-SYN-C-0121,106.553,29.413,0.76,0.34,0.34,0.1,4,1,0,1,2,1,1,1,0,0.5,0.792,True,True,synthetic_experiment_foundation,/Users/zhouning/gisdataagent/data_agent/test_data/twm_bishan_multi_admin_eval,SYN-R03,2026Q3+1,6,scenario_protect_0,test,restore,pair_0121,0.033,0.436,0.46492,-0.014,0.01632,0.108,False,restoration_high_risk_phasing_review,,mixed_risk_restore_blocked
TWM-SYN-C-0122,APR-TWM-SYN-C-0122,PRJ-TWM-SYN-C-0122,in_review,0.429328,0.0,42196.627,42196.627,SYN-R03:township_2,syn_component_r03_t06_c02,syn_component_r03_t06_c02,TWM-SYN-T-0122,TWM-SYN-T-0122,106.564,29.416,0.745,0.346,0.346,0.04,4,1,0,1,2,1,1,0,0,0.5,0.787,True,True,synthetic_experiment_foundation,/Users/zhouning/gisdataagent/data_agent/test_data/twm_bishan_multi_admin_eval,SYN-R03,2026Q3+1,6,scenario_protect_0,test,approve_with_conditions,pair_0122,0.03,0.43348,0.429328,-0.006,0.020608,0.113,True,conditional_approval_monitoring,,mixed_risk_allowed_with_conditions
TWM-SYN-T-0122,APR-TWM-SYN-T-0122,PRJ-TWM-SYN-T-0122,approved,0.459328,42196.627,42196.627,42196.627,SYN-R03:township_2,syn_component_r03_t06_c02,syn_component_r03_t06_c02,TWM-SYN-C-0122,TWM-SYN-C-0122,106.565,29.417,0.745,0.346,0.346,0.04,4,1,0,1,2,1,1,0,0,0.5,0.787,True,True,synthetic_experiment_foundation,/Users/zhouning/gisdataagent/data_agent/test_data/twm_bishan_multi_admin_eval,SYN-R03,2026Q3+1,6,scenario_protect_0,test,approve_with_conditions,pair_0122,0.03,0.43348,0.459328,-0.006,0.020608,0.113,True,conditional_approval_monitoring,,mixed_risk_allowed_with_conditions
TWM-SYN-C-0123,APR-TWM-SYN-C-0123,PRJ-TWM-SYN-C-0123,in_review,0.42952,0.0,151036.475,151036.475,SYN-R03:township_0,syn_component_r03_t06_c03,syn_component_r03_t06_c03,TWM-SYN-T-0123,TWM-SYN-T-0123,106.576,29.42,0.73,0.34,0.34,0.06,4,1,0,1,2,1,1,0,0,0.5,0.75,True,True,synthetic_experiment_foundation,/Users/zhouning/gisdataagent/data_agent/test_data/twm_bishan_multi_admin_eval,SYN-R03,2026Q3+1,6,scenario_protect_0,test,defer_review,pair_0123,0.003,0.4336,0.42952,0.024,-0.02544,0.162,False,synthetic_defer_review,,defer_review_always_review
TWM-SYN-T-0123,APR-TWM-SYN-T-0123,PRJ-TWM-SYN-T-0123,approved,0.43252,151036.475,151036.475,151036.475,SYN-R03:township_0,syn_component_r03_t06_c03,syn_component_r03_t06_c03,TWM-SYN-C-0123,TWM-SYN-C-0123,106.577,29.421,0.73,0.34,0.34,0.06,4,1,0,1,2,1,1,0,0,0.5,0.75,True,True,synthetic_experiment_foundation,/Users/zhouning/gisdataagent/data_agent/test_data/twm_bishan_multi_admin_eval,SYN-R03,2026Q3+1,6,scenario_protect_0,test,defer_review,pair_0123,0.003,0.4336,0.43252,0.024,-0.02544,0.162,False,synthetic_defer_review,,defer_review_always_review
TWM-SYN-C-0124,APR-TWM-SYN-C-0124,PRJ-TWM-SYN-C-0124,in_review,0.43288,0.0,100983.382,100983.382,SYN-R03:township_0,syn_component_r03_t07_c00,syn_component_r03_t07_c00,TWM-SYN-T-0124,TWM-SYN-T-0124,106.54,29.426,0.78,0.36,0.36,0.1,4,1,0,1,2,1,1,1,0,0.5,0.794,True,True,synthetic_experiment_foundation,/Users/zhouning/gisdataagent/data_agent/test_data/twm_bishan_multi_admin_eval,SYN-R03,2026Q4+1,7,scenario_restore_1,test,protect,pair_0124,0.027,0.4332,0.43288,-0.02,0.01208,0.106,False,protection_boundary_conflict_review,,mixed_risk_protect_blocked
TWM-SYN-T-0124,APR-TWM-SYN-T-0124,PRJ-TWM-SYN-T-0124,approved,0.45988,100983.382,100983.382,100983.382,SYN-R03:township_0,syn_component_r03_t07_c00,syn_component_r03_t07_c00,TWM-SYN-C-0124,TWM-SYN-C-0124,106.541,29.427,0.78,0.36,0.36,0.1,4,1,0,1,2,1,1,1,0,0.5,0.794,True,True,synthetic_experiment_foundation,/Users/zhouning/gisdataagent/data_agent/test_data/twm_bishan_multi_admin_eval,SYN-R03,2026Q4+1,7,scenario_restore_1,test,protect,pair_0124,0.027,0.4332,0.45988,-0.02,0.01208,0.106,False,protection_boundary_conflict_review,,mixed_risk_protect_blocked
TWM-SYN-C-0125,APR-TWM-SYN-C-0125,PRJ-TWM-SYN-C-0125,in_review,0.433072,0.0,50798.561,50798.561,SYN-R03:township_1,syn_component_r03_t07_c01,syn_component_r03_t07_c01,TWM-SYN-T-0125,TWM-SYN-T-0125,106.552,29.43,0.765,0.354,0.354,0.04,4,1,0,1,2,1,1,0,0,0.5,0.81,True,True,synthetic_experiment_foundation,/Users/zhouning/gisdataagent/data_agent/test_data/twm_bishan_multi_admin_eval,SYN-R03,2026Q4+1,7,scenario_restore_1,test,restore,pair_0125,0.059,0.43332,0.433072,-0.05,0.084512,0.09,True,,,mixed_risk_restore_allowed
TWM-SYN-T-0125,APR-TWM-SYN-T-0125,PRJ-TWM-SYN-T-0125,approved,0.492072,50798.561,50798.561,50798.561,SYN-R03:township_1,syn_component_r03_t07_c01,syn_component_r03_t07_c01,TWM-SYN-C-0125,TWM-SYN-C-0125,106.553,29.431,0.765,0.354,0.354,0.04,4,1,0,1,2,1,1,0,0,0.5,0.81,True,True,synthetic_experiment_foundation,/Users/zhouning/gisdataagent/data_agent/test_data/twm_bishan_multi_admin_eval,SYN-R03,2026Q4+1,7,scenario_restore_1,test,restore,pair_0125,0.059,0.43332,0.492072,-0.05,0.084512,0.09,True,,,mixed_risk_restore_allowed
TWM-SYN-C-0126,APR-TWM-SYN-C-0126,PRJ-TWM-SYN-C-0126,in_review,0.43048,0.0,27399.08,27399.08,SYN-R03:township_2,syn_component_r03_t07_c02,syn_component_r03_t07_c02,TWM-SYN-T-0126,TWM-SYN-T-0126,106.564,29.434,0.75,0.36,0.36,0.06,4,1,0,1,2,1,1,0,0,0.5,0.784,True,True,synthetic_experiment_foundation,/Users/zhouning/gisdataagent/data_agent/test_data/twm_bishan_multi_admin_eval,SYN-R03,2026Q4+1,7,scenario_restore_1,test,approve_with_conditions,pair_0126,0.032,0.4308,0.43048,-0.006,0.02232,0.116,False,mixed_risk_condition_review,,mixed_risk_blocked_condition_review
TWM-SYN-T-0126,APR-TWM-SYN-T-0126,PRJ-TWM-SYN-T-0126,approved,0.46248,27399.08,27399.08,27399.08,SYN-R03:township_2,syn_component_r03_t07_c02,syn_component_r03_t07_c02,TWM-SYN-C-0126,TWM-SYN-C-0126,106.565,29.435,0.75,0.36,0.36,0.06,4,1,0,1,2,1,1,0,0,0.5,0.784,True,True,synthetic_experiment_foundation,/Users/zhouning/gisdataagent/data_agent/test_data/twm_bishan_multi_admin_eval,SYN-R03,2026Q4+1,7,scenario_restore_1,test,approve_with_conditions,pair_0126,0.032,0.4308,0.46248,-0.006,0.02232,0.116,False,mixed_risk_condition_review,,mixed_risk_blocked_condition_review
TWM-SYN-C-0127,APR-TWM-SYN-C-0127,PRJ-TWM-SYN-C-0127,in_review,0.430672,0.0,7266.168,7266.168,SYN-R03:township_0,syn_component_r03_t07_c03,syn_component_r03_t07_c03,TWM-SYN-T-0127,TWM-SYN-T-0127,106.576,29.438,0.735,0.354,0.354,0.08,4,1,0,1,2,1,1,1,0,0.5,0.75,True,True,synthetic_experiment_foundation,/Users/zhouning/gisdataagent/data_agent/test_data/twm_bishan_multi_admin_eval,SYN-R03,2026Q4+1,7,scenario_restore_1,test,defer_review,pair_0127,0.005,0.43092,0.430672,0.024,-0.023728,0.165,False,synthetic_defer_review,,defer_review_always_review
TWM-SYN-T-0127,APR-TWM-SYN-T-0127,PRJ-TWM-SYN-T-0127,approved,0.435672,7266.168,7266.168,7266.168,SYN-R03:township_0,syn_component_r03_t07_c03,syn_component_r03_t07_c03,TWM-SYN-C-0127,TWM-SYN-C-0127,106.577,29.439,0.735,0.354,0.354,0.08,4,1,0,1,2,1,1,1,0,0.5,0.75,True,True,synthetic_experiment_foundation,/Users/zhouning/gisdataagent/data_agent/test_data/twm_bishan_multi_admin_eval,SYN-R03,2026Q4+1,7,scenario_restore_1,test,defer_review,pair_0127,0.005,0.43092,0.435672,0.024,-0.023728,0.165,False,synthetic_defer_review,,defer_review_always_review
