{
  "config": {
    "n_points": 500,
    "train_areas": [
      "yangtze_delta",
      "northeast_plain"
    ],
    "train_years": [
      2017,
      2018,
      2019,
      2020,
      2021,
      2022
    ],
    "holdout_area": "yunnan_eco",
    "ood_areas": [
      "jing_jin_ji",
      "pearl_river"
    ]
  },
  "exp1_temporal_holdout": {
    "yangtze_delta": {
      "1_step": {
        "model": {
          "cos_sim_mean": 0.971566915512085,
          "cos_sim_std": 0.022414572536945343,
          "cos_sim_p05": 0.934528112411499,
          "cos_sim_p50": 0.977807343006134,
          "mse_mean": 0.0008885784191079438,
          "l2_mean": 0.2283739298582077,
          "l2_std": 0.06866122782230377,
          "n": 500
        },
        "persistence": {
          "cos_sim_mean": 0.9735091924667358,
          "cos_sim_std": 0.027861936017870903,
          "cos_sim_p05": 0.9315776228904724,
          "cos_sim_p50": 0.9810222387313843,
          "mse_mean": 0.0008282222552224994,
          "l2_mean": 0.2158227413892746,
          "l2_std": 0.08016712963581085,
          "n": 500
        },
        "linear": {
          "cos_sim_mean": 0.9157000780105591,
          "cos_sim_std": 0.04424511641263962,
          "cos_sim_p05": 0.8410770297050476,
          "cos_sim_p50": 0.9264501333236694,
          "mse_mean": 0.0030881925486028194,
          "l2_mean": 0.4283830523490906,
          "l2_std": 0.11887926608324051,
          "n": 500
        }
      },
      "2_step": {
        "model": {
          "cos_sim_mean": 0.9406402707099915,
          "cos_sim_std": 0.039137065410614014,
          "cos_sim_p05": 0.8879510760307312,
          "cos_sim_p50": 0.9509803056716919,
          "mse_mean": 0.0018551580142229795,
          "l2_mean": 0.334570974111557,
          "l2_std": 0.08241589367389679,
          "n": 500
        },
        "persistence": {
          "cos_sim_mean": 0.9612458944320679,
          "cos_sim_std": 0.04768722876906395,
          "cos_sim_p05": 0.8986266255378723,
          "cos_sim_p50": 0.9740167856216431,
          "mse_mean": 0.001211455324664712,
          "l2_mean": 0.2574043273925781,
          "l2_std": 0.10618923604488373,
          "n": 500
        }
      }
    },
    "northeast_plain": {
      "1_step": {
        "model": {
          "cos_sim_mean": 0.9524033069610596,
          "cos_sim_std": 0.032468512654304504,
          "cos_sim_p05": 0.8821141719818115,
          "cos_sim_p50": 0.9623427987098694,
          "mse_mean": 0.0014872777974233031,
          "l2_mean": 0.293822318315506,
          "l2_std": 0.0940968468785286,
          "n": 500
        },
        "persistence": {
          "cos_sim_mean": 0.9455373287200928,
          "cos_sim_std": 0.0522158108651638,
          "cos_sim_p05": 0.8278888463973999,
          "cos_sim_p50": 0.9658893942832947,
          "mse_mean": 0.0017017731443047523,
          "l2_mean": 0.3012365698814392,
          "l2_std": 0.13479623198509216,
          "n": 500
        },
        "linear": {
          "cos_sim_mean": 0.8899224996566772,
          "cos_sim_std": 0.09393592923879623,
          "cos_sim_p05": 0.6744514107704163,
          "cos_sim_p50": 0.9222217798233032,
          "mse_mean": 0.0039301165379583836,
          "l2_mean": 0.459158331155777,
          "l2_std": 0.20174510776996613,
          "n": 500
        }
      },
      "2_step": {
        "model": {
          "cos_sim_mean": 0.9535133242607117,
          "cos_sim_std": 0.03043360821902752,
          "cos_sim_p05": 0.9025377035140991,
          "cos_sim_p50": 0.9621539115905762,
          "mse_mean": 0.0014528031460940838,
          "l2_mean": 0.2933957576751709,
          "l2_std": 0.08305615931749344,
          "n": 500
        },
        "persistence": {
          "cos_sim_mean": 0.9711695313453674,
          "cos_sim_std": 0.028822798281908035,
          "cos_sim_p05": 0.9232878684997559,
          "cos_sim_p50": 0.979397714138031,
          "mse_mean": 0.0009011795627884567,
          "l2_mean": 0.22272814810276031,
          "l2_std": 0.08982014656066895,
          "n": 500
        }
      }
    },
    "yunnan_eco": {
      "1_step": {
        "model": {
          "cos_sim_mean": 0.7558026313781738,
          "cos_sim_std": 0.03233541548252106,
          "cos_sim_p05": 0.7063277959823608,
          "cos_sim_p50": 0.7553001642227173,
          "mse_mean": 0.007631456013768911,
          "l2_mean": 0.6973161697387695,
          "l2_std": 0.046510934829711914,
          "n": 500
        },
        "persistence": {
          "cos_sim_mean": 0.9521192908287048,
          "cos_sim_std": 0.016393961384892464,
          "cos_sim_p05": 0.9219115376472473,
          "cos_sim_p50": 0.9552348852157593,
          "mse_mean": 0.0014967031311243773,
          "l2_mean": 0.30553391575813293,
          "l2_std": 0.04937656968832016,
          "n": 500
        },
        "linear": {
          "cos_sim_mean": 0.8374326825141907,
          "cos_sim_std": 0.044621214270591736,
          "cos_sim_p05": 0.7540384531021118,
          "cos_sim_p50": 0.8463745713233948,
          "mse_mean": 0.0058258515782654285,
          "l2_mean": 0.6038051247596741,
          "l2_std": 0.09096106886863708,
          "n": 500
        }
      },
      "2_step": {
        "model": {
          "cos_sim_mean": 0.5587556958198547,
          "cos_sim_std": 0.039457254111766815,
          "cos_sim_p05": 0.4922531545162201,
          "cos_sim_p50": 0.5600489377975464,
          "mse_mean": 0.01379120908677578,
          "l2_mean": 0.9385343194007874,
          "l2_std": 0.04231762886047363,
          "n": 500
        },
        "persistence": {
          "cos_sim_mean": 0.9525044560432434,
          "cos_sim_std": 0.020144816488027573,
          "cos_sim_p05": 0.917009711265564,
          "cos_sim_p50": 0.9574954509735107,
          "mse_mean": 0.0014848819701001048,
          "l2_mean": 0.30291125178337097,
          "l2_std": 0.05724690854549408,
          "n": 500
        }
      }
    }
  },
  "exp2_multistep": {
    "yangtze_delta": [
      {
        "step": 1,
        "year": 2018,
        "model_cos": 0.9652155637741089,
        "persist_cos": 0.9625512957572937,
        "advantage": 0.0026642680168151855
      },
      {
        "step": 2,
        "year": 2019,
        "model_cos": 0.9431763887405396,
        "persist_cos": 0.9532103538513184,
        "advantage": -0.010033965110778809
      },
      {
        "step": 3,
        "year": 2020,
        "model_cos": 0.9131513237953186,
        "persist_cos": 0.9437166452407837,
        "advantage": -0.030565321445465088
      },
      {
        "step": 4,
        "year": 2021,
        "model_cos": 0.8937346935272217,
        "persist_cos": 0.9164190292358398,
        "advantage": -0.022684335708618164
      },
      {
        "step": 5,
        "year": 2022,
        "model_cos": 0.8761316537857056,
        "persist_cos": 0.9298941493034363,
        "advantage": -0.05376249551773071
      },
      {
        "step": 6,
        "year": 2023,
        "model_cos": 0.8642352223396301,
        "persist_cos": 0.9154359102249146,
        "advantage": -0.051200687885284424
      }
    ],
    "northeast_plain": [
      {
        "step": 1,
        "year": 2018,
        "model_cos": 0.9704185724258423,
        "persist_cos": 0.9467323422431946,
        "advantage": 0.023686230182647705
      },
      {
        "step": 2,
        "year": 2019,
        "model_cos": 0.9577083587646484,
        "persist_cos": 0.9205294847488403,
        "advantage": 0.037178874015808105
      },
      {
        "step": 3,
        "year": 2020,
        "model_cos": 0.9386165738105774,
        "persist_cos": 0.9272786974906921,
        "advantage": 0.011337876319885254
      },
      {
        "step": 4,
        "year": 2021,
        "model_cos": 0.9303008913993835,
        "persist_cos": 0.9195806980133057,
        "advantage": 0.01072019338607788
      },
      {
        "step": 5,
        "year": 2022,