{
  "config": {
    "train_areas": 12,
    "val_areas": 2,
    "test_areas": 1,
    "ood_areas": 2,
    "train_years": [
      2017,
      2018,
      2019,
      2020,
      2021,
      2022
    ],
    "n_points": 500
  },
  "training_loss": 0.0010621840051802185,
  "aggregate": {
    "train": {
      "model_avg": 0.9575420709119902,
      "persist_avg": 0.9460242489973704,
      "advantage": 0.011517821914619808,
      "n_areas": 12
    },
    "val": {
      "model_avg": 0.9450691441694895,
      "persist_avg": 0.9401518801848093,
      "advantage": 0.004917263984680176,
      "n_areas": 2
    },
    "test": {
      "model_avg": 0.9559573630491892,
      "persist_avg": 0.9669504761695862,
      "advantage": -0.010993113120396969,
      "n_areas": 1
    },
    "ood": {
      "model_avg": 0.9570019543170929,
      "persist_avg": 0.9694278637568156,
      "advantage": -0.01242590943972266,
      "n_areas": 2
    }
  },
  "per_area": {
    "train": {
      "yangtze_delta": {
        "model": 0.9706953565279642,
        "persistence": 0.963862399260203,
        "linear": 0.912410726149877,
        "mean_reversion": 0.9303699235121409,
        "n_pairs": 6,
        "changed_pixels": {
          "model_cos": 0.9314219653606415,
          "persist_cos": 0.9184413452943166,
          "advantage": 0.012980620066324833
        },
        "stable_pixels": {
          "model_cos": 0.9877893229325613,
          "persist_cos": 0.9848606983820597
        }
      },
      "jing_jin_ji": {
        "model": 0.9765515724817911,
        "persistence": 0.9748383164405823,
        "linear": 0.9423777560393015,
        "mean_reversion": 0.947988380988439,
        "n_pairs": 6,
        "changed_pixels": {
          "model_cos": 0.9421871900558472,
          "persist_cos": 0.9364370008309683,
          "advantage": 0.00575018922487891
        },
        "stable_pixels": {
          "model_cos": 0.9908976058165232,
          "persist_cos": 0.9913346171379089
        }
      },
      "chengdu_plain": {
        "model": 0.9826008180777231,
        "persistence": 0.9825775722662607,
        "linear": 0.9609086314837137,
        "mean_reversion": 0.9463863968849182,
        "n_pairs": 6,
        "changed_pixels": {
          "model_cos": 0.9663720726966858,
          "persist_cos": 0.9648908376693726,
          "advantage": 0.0014812350273132324
        },
        "stable_pixels": {
          "model_cos": 0.9903729557991028,
          "persist_cos": 0.9913530647754669
        }
      },
      "northeast_plain": {
        "model": 0.9647585848967234,
        "persistence": 0.9462766051292419,
        "linear": 0.8743893305460612,
        "mean_reversion": 0.9072967370351156,
        "n_pairs": 6,
        "changed_pixels": {
          "model_cos": 0.9180328448613485,
          "persist_cos": 0.8749429980913798,
          "advantage": 0.04308984676996874
        },
        "stable_pixels": {
          "model_cos": 0.987093985080719,
          "persist_cos": 0.9826428989569346
        }
      },
      "north_china_plain": {
        "model": 0.9611407121022543,
        "persistence": 0.9514757990837097,
        "linear": 0.8848836223284403,
        "mean_reversion": 0.9203514059384664,
        "n_pairs": 6,
        "changed_pixels": {
          "model_cos": 0.9224115411440531,
          "persist_cos": 0.9055213332176208,
          "advantage": 0.016890207926432255
        },
        "stable_pixels": {
          "model_cos": 0.9816749393939972,
          "persist_cos": 0.977536529302597
        }
      },
      "jianghan_plain": {
        "model": 0.9559508959452311,
        "persistence": 0.9367753763993582,
        "linear": 0.8574153979619344,
        "mean_reversion": 0.912686268488566,
        "n_pairs": 6,
        "changed_pixels": {
          "model_cos": 0.9045171240965525,
          "persist_cos": 0.8749135434627533,
          "advantage": 0.029603580633799198
        },
        "stable_pixels": {
          "model_cos": 0.9806016286214193,
          "persist_cos": 0.9707826972007751
        }
      },
      "hetao": {
        "model": 0.9612526098887125,
        "persistence": 0.949625144402186,
        "linear": 0.8767591913541158,
        "mean_reversion": 0.9147474070390066,
        "n_pairs": 6,
        "changed_pixels": {
          "model_cos": 0.9265189369519552,
          "persist_cos": 0.9018798271814982,
          "advantage": 0.024639109770457024
        },
        "stable_pixels": {
          "model_cos": 0.9798259337743124,
          "persist_cos": 0.9763153493404388
        }
      },
      "yunnan_eco": {
        "model": 0.9693737129370371,
        "persistence": 0.9660128255685171,
        "linear": 0.9148720602194468,
        "mean_reversion": 0.8818020423253378,
        "n_pairs": 6,
        "changed_pixels": {
          "model_cos": 0.9541371166706085,
          "persist_cos": 0.9482155541578928,
          "advantage": 0.0059215625127156946
        },
        "stable_pixels": {
          "model_cos": 0.9792113999525706,
          "persist_cos": 0.9782331883907318
        }
      },
      "daxinganling": {
        "model": 0.9843135873476664,
        "persistence": 0.9835556447505951,
        "linear": 0.9556803703308105,
        "mean_reversion": 0.8932869931062063,
        "n_pairs": 6,
        "changed_pixels": {
          "model_cos": 0.965618739525477,
          "persist_cos": 0.9592427909374237,
          "advantage": 0.006375948588053348
        },
        "stable_pixels": {
          "model_cos": 0.9916132986545563,
          "persist_cos": 0.9937132100264231
        }
      },
      "qinghai_edge": {
        "model": 0.8136891523996989,
        "persistence": 0.7545118729273478,
        "linear": 0.5903789053360621,
        "mean_reversion": 0.7673898736635844,
        "n_pairs": 6,
        "changed_pixels": {
          "model_cos": 0.6685300668080648,
          "persist_cos": 0.56094062825044,
          "advantage": 0.10758943855762482
        },
        "stable_pixels": {
          "model_cos": 0.919987678527832,
          "persist_cos": 0.9087005952994028
        }
      },
      "guanzhong": {
        "model": 0.9768029153347015,
        "persistence": 0.9750406940778097,
        "linear": 0.9422891736030579,
        "mean_reversion": 0.9539087116718292,
        "n_pairs": 6,
        "changed_pixels": {
          "model_cos": 0.9529274106025696,
          "persist_cos": 0.949029544989268,
          "advantage": 0.003897865613301632
        },
        "stable_pixels": {
          "model_cos": 0.9881336291631063,
          "persist_cos": 0.987673024336497
        }
      },
      "minnan_coast": {
        "model": 0.9733749330043793,
        "persistence": 0.9677387376626333,
        "linear": 0.9134541153907776,
        "mean_reversion": 0.8945562342802683,
        "n_pairs": 6,
        "changed_pixels": {
          "model_cos": 0.9382376670837402,
          "persist_cos": 0.9274087250232697,
          "advantage": 0.010828942060470581
        },
        "stable_pixels": {
          "model_cos": 0.9886945088704427,
          "persist_cos": 0.9864375392595927
        }
      }
    },
    "val": {
      "pearl_river": {
        "model": 0.9678150514761606,
        "persistence": 0.9653575817743937,
        "linear": 0.9143989086151123,
        "mean_reversion": 0.9122563501199087,
        "n_pairs": 6,
        "changed_pixels": {
          "model_cos": 0.9276261428991953,
          "persist_cos": 0.9204452137152354,
          "advantage": 0.007180929183959961
        },
        "stable_pixels": {
          "model_cos": 0.9850770930449168,
          "persist_cos": 0.985385129849116
        }
      },
      "poyang_lake": {
        "model": 0.9223232368628184,
        "persistence": 0.914946178595225,
        "linear": 0.8086718022823334,
        "mean_reversion": 0.8685488204161326,
        "n_pairs": 6,
        "changed_pixels": {
          "model_cos": 0.8479987482229868,
          "persist_cos": 0.8287373085816702,