{
  "config": {
    "train_areas": 12,
    "val_areas": 2,
    "test_areas": 1,
    "ood_areas": 2,
    "train_years": [
      2017,
      2018,
      2019,
      2020,
      2021,
      2022
    ],
    "n_points": 500
  },
  "training_loss": 0.0010069181361662535,
  "aggregate": {
    "train": {
      "model_avg": 0.9604480142394701,
      "persist_avg": 0.9460242489973704,
      "advantage": 0.014423765242099762,
      "n_areas": 12
    },
    "val": {
      "model_avg": 0.9332187076409658,
      "persist_avg": 0.9401518801848093,
      "advantage": -0.006933172543843513,
      "n_areas": 2
    },
    "test": {
      "model_avg": 0.9430740376313528,
      "persist_avg": 0.9669504761695862,
      "advantage": -0.023876438538233402,
      "n_areas": 1
    },
    "ood": {
      "model_avg": 0.8942306339740753,
      "persist_avg": 0.9694278637568156,
      "advantage": -0.07519722978274024,
      "n_areas": 2
    }
  },
  "per_area": {
    "train": {
      "yangtze_delta": {
        "model": 0.9710451662540436,
        "persistence": 0.963862399260203,
        "linear": 0.912410726149877,
        "mean_reversion": 0.9303699235121409,
        "n_pairs": 6
      },
      "jing_jin_ji": {
        "model": 0.9776752690474192,
        "persistence": 0.9748383164405823,
        "linear": 0.9423777560393015,
        "mean_reversion": 0.947988380988439,
        "n_pairs": 6
      },
      "chengdu_plain": {
        "model": 0.9820766945679983,
        "persistence": 0.9825775722662607,
        "linear": 0.9609086314837137,
        "mean_reversion": 0.9463863968849182,
        "n_pairs": 6
      },
      "northeast_plain": {
        "model": 0.9663367966810862,
        "persistence": 0.9462766051292419,
        "linear": 0.8743893305460612,
        "mean_reversion": 0.9072967370351156,
        "n_pairs": 6
      },
      "north_china_plain": {
        "model": 0.9670682847499847,
        "persistence": 0.9514757990837097,
        "linear": 0.8848836223284403,
        "mean_reversion": 0.9203514059384664,
        "n_pairs": 6
      },
      "jianghan_plain": {
        "model": 0.9508945544560751,
        "persistence": 0.9367753763993582,
        "linear": 0.8574153979619344,
        "mean_reversion": 0.912686268488566,
        "n_pairs": 6
      },
      "hetao": {
        "model": 0.9624782303969065,
        "persistence": 0.949625144402186,
        "linear": 0.8767591913541158,
        "mean_reversion": 0.9147474070390066,
        "n_pairs": 6
      },
      "yunnan_eco": {
        "model": 0.9687073628107706,
        "persistence": 0.9660128255685171,
        "linear": 0.9148720602194468,
        "mean_reversion": 0.8818020423253378,
        "n_pairs": 6
      },
      "daxinganling": {
        "model": 0.9860708912213644,
        "persistence": 0.9835556447505951,
        "linear": 0.9556803703308105,
        "mean_reversion": 0.8932869931062063,
        "n_pairs": 6
      },
      "qinghai_edge": {
        "model": 0.8387617568174998,
        "persistence": 0.7545118729273478,
        "linear": 0.5903789053360621,
        "mean_reversion": 0.7673898736635844,
        "n_pairs": 6
      },
      "guanzhong": {
        "model": 0.9779860079288483,
        "persistence": 0.9750406940778097,
        "linear": 0.9422891736030579,
        "mean_reversion": 0.9539087116718292,
        "n_pairs": 6
      },
      "minnan_coast": {
        "model": 0.9762751559416453,
        "persistence": 0.9677387376626333,
        "linear": 0.9134541153907776,
        "mean_reversion": 0.8945562342802683,
        "n_pairs": 6
      }
    },
    "val": {
      "pearl_river": {
        "model": 0.9659366508324941,
        "persistence": 0.9653575817743937,
        "linear": 0.9143989086151123,
        "mean_reversion": 0.9122563501199087,
        "n_pairs": 6
      },
      "poyang_lake": {
        "model": 0.9005007644494375,
        "persistence": 0.914946178595225,
        "linear": 0.8086718022823334,
        "mean_reversion": 0.8685488204161326,
        "n_pairs": 6
      }
    },
    "test": {
      "wuyi_mountain": {
        "model": 0.9430740376313528,
        "persistence": 0.9669504761695862,
        "linear": 0.9043160080909729,
        "mean_reversion": 0.8669538497924805,
        "n_pairs": 6
      }
    },
    "ood": {
      "sanxia_reservoir": {
        "model": 0.9609911342461904,
        "persistence": 0.9744774500528971,
        "linear": 0.9279263615608215,
        "mean_reversion": 0.9038934806982676,
        "n_pairs": 6
      },
      "lhasa_valley": {
        "model": 0.8274701337019602,
        "persistence": 0.964378277460734,
        "linear": 0.9346475899219513,
        "mean_reversion": 0.8883007963498434,
        "n_pairs": 6
      }
    }
  },
  "multistep": {
    "train": {
      "yangtze_delta": [
        {
          "step": 1,
          "year": 2018,
          "model": 0.967001736164093,
          "persist": 0.9625512957572937,
          "advantage": 0.004450440406799316
        },
        {
          "step": 2,
          "year": 2019,
          "model": 0.9545755386352539,
          "persist": 0.9532103538513184,
          "advantage": 0.0013651847839355469
        },
        {
          "step": 3,
          "year": 2020,
          "model": 0.9408195614814758,
          "persist": 0.9437166452407837,
          "advantage": -0.0028970837593078613
        },
        {
          "step": 4,
          "year": 2021,
          "model": 0.9172215461730957,
          "persist": 0.9164190292358398,
          "advantage": 0.0008025169372558594
        },
        {
          "step": 5,
          "year": 2022,
          "model": 0.9204298257827759,
          "persist": 0.9298941493034363,
          "advantage": -0.0094643235206604
        },
        {
          "step": 6,
          "year": 2023,
          "model": 0.8959530591964722,
          "persist": 0.9154359102249146,
          "advantage": -0.019482851028442383
        }
      ],
      "jing_jin_ji": [
        {
          "step": 1,
          "year": 2018,
          "model": 0.9802830219268799,
          "persist": 0.9763174057006836,
          "advantage": 0.003965616226196289
        },
        {
          "step": 2,
          "year": 2019,
          "model": 0.9605934023857117,
          "persist": 0.9676122069358826,
          "advantage": -0.0070188045501708984
        },
        {
          "step": 3,
          "year": 2020,
          "model": 0.9533300399780273,
          "persist": 0.9636591076850891,
          "advantage": -0.010329067707061768
        },
        {
          "step": 4,
          "year": 2021,
          "model": 0.9403607249259949,
          "persist": 0.9501829147338867,
          "advantage": -0.009822189807891846
        },
        {
          "step": 5,
          "year": 2022,
          "model": 0.9389615654945374,
          "persist": 0.9302976727485657,
          "advantage": 0.00866389274597168
        },
        {
          "step": 6,
          "year": 2023,
          "model": 0.9166010022163391,
          "persist": 0.9222812652587891,
          "advantage": -0.005680263042449951
        }
      ],
      "chengdu_plain": [
        {
          "step": 1,
          "year": 2018,
          "model": 0.9847996830940247,
          "persist": 0.9791710376739502,
          "advantage": 0.005628645420074463
        },
        {
          "step": 2,
          "year": 2019,
          "model": 0.9708020091056824,
          "persist": 0.9638597369194031,
          "advantage": 0.006942272186279297
        },
        {
          "step": 3,
          "year": 2020,
          "model": 0.9579405188560486,
          "persist": 0.9553018808364868,
          "advantage": 0.0026386380195617676
        },
        {
          "step": 4,
          "year": 2021,
          "model": 0.9479844570159912,
          "persist": 0.958112895488739,
          "advantage": -0.010128438472747803
        },
        {
          "step": 5,
          "year": 2022,
          "model": 0.9365977048873901,